A_s_1e9,n_s,Omega_m,Omega_b,h,mu_0,k_analyze,k_c
1.6993452628526744,0.4867460434472446,0.10509590421365736,0.03139966874545212,0.33863734066896245,-0.04845637778863887,0.03197573385425595,[0.5]
1.345382513139741,0.3956129917371934,0.166018417118455,0.016099944870134778,0.2682285180581781,-0.3135167927876527,0.04849081269828866,[0.5]
1.4752547225313275,0.30709171925418044,0.17527003142267322,0.019411545821694177,0.30299433290706235,-0.4890621416382498,0.018493174610057582,[0.1]
1.448953833785056,0.3515232733390507,0.11350028069770703,0.023500382767949975,0.26866289049070885,-0.11482522963813391,0.020852461664688314,[0.1]
1.4903459590962889,0.4992557023763248,0.1711474671180484,0.018953794738838486,0.31010282934582567,-0.0009447439171744731,0.04428263726956766,[0.1]
1.6661714276860544,0.4765356275203705,0.17934057266936276,0.016533241405943106,0.2791216744641072,-0.14544513717600238,0.014310913376384817,[0.1]
1.5879664148353898,0.39283347755809217,0.12202129198751005,0.029955211941588962,0.4044246939494083,-0.13552928401740255,0.023346554795742,[0.1]
1.6138198913901105,0.47524073662170974,0.11107693743427595,0.023358959051865278,0.3347190845823844,-0.06359925652225462,0.049436368773186266,[0.1]
1.523480527145065,0.40106560692135845,0.16878005097062188,0.032241157017143834,0.36672697100888096,-0.3895527476397851,0.015534835326707776,[0.1]
1.5822238687418069,0.3794090890890407,0.12875001233715588,0.028511494790221435,0.4214759470888334,-0.4509975482526177,0.016442041885494207,[0.5]
1.502496909057186,0.35790052393069177,0.17644707141324653,0.0190442838603128,0.4071170594652218,-0.15336724178589434,0.019651553845633944,[0.1]
1.5023540275079315,0.3512542058425255,0.15410725990351465,0.02382064094376868,0.3781970510978668,-0.0424318200451228,0.018280751789790693,[0.5]
1.6495405300483392,0.46940547606081123,0.1455110086127109,0.0297635518581819,0.30590399908310023,-0.15911618645981962,0.03300792403906666,[0.5]
1.3102935026615403,0.45649221571174176,0.1650557271766245,0.019721379212873192,0.40679188851223697,-0.1888660030978283,0.04825542399152924,[0.5]
1.5137123153601393,0.40859680710215046,0.11062420654819347,0.015649744475735704,0.3774141715613637,-0.40253304124836203,0.01096634706369854,[0.1]
1.6814623192724563,0.35391394896101813,0.14440339594369983,0.030108754690172303,0.36214822039681055,-0.45362083785704715,0.048684474178990814,[0.1]
1.3467501415800611,0.46814233574746333,0.15124138994719102,0.018288917781167358,0.2826380558994376,-0.2227802379760031,0.01602846279315868,[0.1]
1.479672746765218,0.44187470217205393,0.1641040946810718,0.026752611313810695,0.4004894687280239,-0.2922969621008066,0.02808606772389645,[0.1]
1.5014373962080025,0.30041802010368124,0.10689569490401314,0.03450354510318202,0.3157169192754919,-0.23591490199263904,0.045799600793866836,[0.5]
1.3587685143129316,0.4304694812290748,0.11407261678995446,0.01840594654718183,0.3652112328474866,-0.08806340855113065,0.037325408033896064,[0.1]
1.616247719512285,0.3429140545508168,0.12065111684315837,0.027340470142454137,0.30144485869602694,-0.2161544286813596,0.022149206033506622,[0.5]
1.3884474505347109,0.3056978702802014,0.14346557256470738,0.017340101265455307,0.26273681053175335,-0.11859135618946326,0.03396479531597549,[0.1]
1.4521328328253522,0.48760831801224624,0.1709074310889977,0.028005034403972652,0.2660278587627556,-0.42212357337016104,0.029194349485179384,[0.1]
1.690914198102819,0.3435665987384014,0.11926044604980862,0.016761794510020366,0.44568770818259296,-0.30978916795746314,0.025312234243311832,[0.5]
1.5129906292062487,0.36858222070506125,0.10870180735047046,0.02140857160947201,0.29619871546980897,-0.0433863246006127,0.01668086899859991,[0.5]
1.5614721420015842,0.37396250596927494,0.14433274948733385,0.02321609733311064,0.42908445174723064,-0.17730111958818978,0.033081502336845814,[0.5]
1.3161999670492044,0.3874511872125759,0.13268227930307253,0.015312238323109104,0.36858741383194793,-0.22486294043188787,0.040036488389644354,[0.1]
1.693250637022083,0.3485055489624235,0.19360874069163092,0.02526468109293558,0.4470169234648532,-0.49106370150452444,0.04223705653971497,[0.1]
1.465652450093169,0.3308731960848742,0.11845034459566776,0.030876728441527394,0.3936652447493382,-0.2221590086939229,0.026611564210654536,[0.5]
1.6625970508219308,0.3994420728472279,0.12109072725684009,0.027908424206131627,0.33276054807762745,-0.2794040683759068,0.031780445448206504,[0.1]
1.6819268660448643,0.4904073967437389,0.16521991075830764,0.028730374147894575,0.41423728339785854,-0.020801424452620565,0.04601379412895188,[0.5]
1.6107739182439893,0.4716330040500132,0.16646182100247775,0.02359348856032241,0.35740118824414796,-0.06739059525103819,0.02298057808079286,[0.1]
1.5368489972231347,0.4667826390054661,0.17732916076671898,0.0240842163692017,0.25284016055477,-0.4736611433623699,0.029768133767320504,[0.1]
1.4586550669624083,0.38891651699865104,0.15514586131349045,0.015277747385204916,0.29971860747641205,-0.41850015034505345,0.010210224542729796,[0.1]
1.305944381061898,0.32905925303500977,0.13661789172692573,0.030200362758511838,0.3638312351026555,-0.11421205324272199,0.014320812131564511,[0.5]
1.564198544514442,0.34444931996382677,0.1572086185758236,0.02075047659475132,0.2874272405209431,-0.1583507842830309,0.038308242173505064,[0.1]
1.4565717157315488,0.41918123578648736,0.16496086441547791,0.018378524768939995,0.40870475714781535,-0.1677142698040715,0.015983050145032165,[0.5]
1.582750943465287,0.3992132522253673,0.12323159679148636,0.01948352393734144,0.43362062880890423,-0.3382916600234617,0.04811839019563396,[0.5]
1.3041723429693541,0.40783481404903943,0.13924678602759133,0.019683734678126952,0.34040059255308996,-0.17017527740568394,0.04939315803837603,[0.1]
1.5724987972891098,0.33831216385097496,0.14214116410712543,0.016277452466732144,0.33965476995397215,-0.0066400412009332554,0.03435237452974842,[0.1]
1.6861742792589482,0.44150310369821766,0.1853101203848111,0.021158279278354373,0.40486075987951065,-0.1181639911448823,0.025632983037058767,[0.5]
1.5418548811986337,0.45813402332890807,0.17320563480444212,0.032036013317125696,0.3360975601366177,-0.19551200660033569,0.03811346442445218,[0.1]
1.5332843089162946,0.3914886393697707,0.1911777575091714,0.03422884428327327,0.27379756927633153,-0.16085649681546899,0.04881132888175921,[0.5]
1.3749554347133495,0.48818525741768865,0.11777536115808451,0.0236485119104526,0.37072115545125217,-0.19299601161429075,0.03580304938544446,[0.1]
1.471764009030957,0.3758607643780548,0.1473863478547976,0.02653374749398249,0.4280568058176016,-0.3929505540467114,0.0495863291856509,[0.5]
1.4668712753004063,0.4794830046868631,0.13005234309576033,0.034214876234809344,0.28618546617344837,-0.4745089457104485,0.01845680078023578,[0.1]
1.462409777846424,0.3475785136393519,0.19705479405751247,0.02559210623203042,0.43855352646627627,-0.39937437786250196,0.013494251507896756,[0.1]
1.6919669223381113,0.4249294557914141,0.15634801902233358,0.02813146494833814,0.43419186550893407,-0.0510970137274504,0.028522198376546987,[0.5]
1.5448591897622765,0.3730355801358567,0.12556087249529496,0.025990663748666498,0.4266351891101917,-0.058340343162785135,0.03992652135811552,[0.5]
1.6149235188081192,0.4300174093500863,0.18461772203770893,0.034556417973852185,0.27025035393796853,-0.14154334066155727,0.030502965068593825,[0.1]
1.441119118724117,0.4538124217312671,0.11969052411569164,0.03009990133891499,0.4075354064494247,-0.3669953723591206,0.04702941114367518,[0.5]
1.6407307880980184,0.37508273177469015,0.13850416113035485,0.026845669135261208,0.31860389431585334,-0.02728727832454453,0.011440666356019038,[0.1]
1.5264887070249575,0.32782231228520825,0.14883685306611574,0.028432872073548242,0.37969433578160333,-0.2016132501978412,0.029928897566081726,[0.1]
1.42336910255018,0.30189283202219225,0.19043281255732222,0.022244789770816887,0.42777802382639063,-0.324312470480834,0.03886344089603577,[0.1]
1.6025224306259878,0.35228291288747293,0.1461267135697718,0.0302895988178306,0.38330741849243233,-0.07664338443272423,0.027510833318285074,[0.5]
1.5589217295069067,0.4337609074455625,0.17000281879157825,0.020266576531400918,0.36969374964105417,-0.2914205876757725,0.026300538594805013,[0.1]
1.57589670833515,0.49216877337049936,0.19022884077674249,0.017843117381810457,0.3822644323608058,-0.455184410758348,0.026016970534826617,[0.1]
1.6700254141038182,0.4633224673437603,0.13018352367467906,0.03228246062056418,0.30482105103303314,-0.39802413279750093,0.029152070387166856,[0.5]
1.4888844592875952,0.4268786658570233,0.12008084286973131,0.03277764643585725,0.3238988010684749,-0.4839077552033295,0.015071316975886921,[0.5]
1.3009795345515174,0.39796164265233336,0.15699325996733343,0.01686453433108745,0.3906357462962402,-0.4721991677755491,0.020348236490774732,[0.1]
1.361055578302745,0.41668462343736046,0.1293472199196125,0.018872892594534514,0.3812725079797007,-0.2718378837209737,0.044337667851056875,[0.1]
1.5769504572336386,0.45528162210878037,0.13876596968203597,0.021013935510048643,0.31449084638024194,-0.028806170869500936,0.029055567413000576,[0.5]
1.4037736674949735,0.4730028476821165,0.17405720014174997,0.017203139321188065,0.3927837267511648,-0.431937614126851,0.020522331295068946,[0.1]
1.5511951716396082,0.4303034024715544,0.16958173130119847,0.027560566758887607,0.3438204547208413,-0.25098033244296514,0.030975844521326273,[0.5]
1.3724668824539905,0.36966953797516355,0.14417514638074033,0.023401313756174706,0.3735120527481144,-0.2568867781141546,0.029699961817874567,[0.1]
1.3674815976663546,0.4674851197842774,0.11138570145134984,0.028279724610726555,0.26211322103312573,-0.2938810985859296,0.04893543261525811,[0.5]
1.4629130947820768,0.35510310570990644,0.12970005179745564,0.024804478812527786,0.2942338710752013,-0.0771297744530694,0.04303390723960324,[0.1]
1.5814271134279936,0.44629757337699005,0.10788054067277209,0.02468440055284087,0.26982631258737616,-0.4981580024928801,0.025579676860379406,[0.1]
1.5257110548604191,0.4145705106011016,0.17347191547879265,0.016065385520993476,0.43348635060050206,-0.44494997289671945,0.014262085346737993,[0.1]
1.3902773709530807,0.45835372796778046,0.19293492624147807,0.03297470554292142,0.4302275341534726,-0.3701353241978261,0.019733065173682608,[0.1]
1.619348644935776,0.3572209251551702,0.14108300325715362,0.025837003111580457,0.3233756151822052,-0.4685382195104591,0.048458629675921044,[0.5]
1.512477135802743,0.49819547800144853,0.1778625419531849,0.017750535523816835,0.3253566898482556,-0.10267795310975864,0.030791087654344403,[0.5]
1.422429233081401,0.4595165673397388,0.1549614158149789,0.031247775812509086,0.42526716118191277,-0.03333013827246384,0.038156608788444346,[0.5]
1.6017056548085526,0.4848408872303249,0.13804114863177944,0.017677388143714886,0.30438324869372624,-0.46566152684655293,0.04636289661132985,[0.1]
1.507241812163723,0.48990806561087075,0.18582449095834463,0.019350297023973353,0.39045825117574884,-0.3651585896383336,0.046804404343294546,[0.1]
1.5907975509163041,0.3500557757801494,0.1009323410576846,0.03186686125872161,0.35166251093997913,-0.32229313210550925,0.015395388497763104,[0.5]
1.5715973776606287,0.4493634344423837,0.18875791497219255,0.02783243199028848,0.41517619712224796,-0.36421347880201993,0.010815055068519742,[0.1]
1.3977165758204224,0.48115381670424445,0.13058561941865024,0.026205021417382346,0.34606624864805263,-0.3337146853466474,0.04039452840571921,[0.1]
1.6657000572059923,0.37016721920799567,0.11483107153742327,0.022552886754176053,0.36061696968373647,-0.44437576984380417,0.027629050135633253,[0.5]
1.5119899097561746,0.3591630435916416,0.19227581256801812,0.015825358044608277,0.34229476089270294,-0.24773218770394706,0.039711097778836885,[0.5]
1.6423531913764169,0.38795053843458777,0.13891936603810234,0.02569097847647255,0.43862462520977563,-0.33480083205211614,0.029408417556792292,[0.1]
1.652673547653131,0.47712466015311644,0.18335058281154834,0.025550550088411138,0.3862354986482145,-0.049086595265956046,0.02920593991061117,[0.1]
1.543169802678256,0.48579812277257367,0.11247072637866244,0.02421198456346473,0.3172059061128659,-0.17803570429852678,0.02180874730192737,[0.5]
1.6923480964494397,0.34192679336016374,0.13046191180332586,0.026775127951523196,0.27114112598838586,-0.4152099594156013,0.032761508811926604,[0.5]
1.6204199747055075,0.3069939050897437,0.16169339138356192,0.03417944291790596,0.37666680352241727,-0.3956101163455569,0.031376942491418945,[0.1]
1.5366672831746961,0.3099508758292694,0.10042746063777169,0.026630481448896348,0.3001701549804157,-0.4520437225587348,0.015250512959078888,[0.1]
1.6944439015277142,0.4998979822045838,0.16248465696457356,0.027455486238076476,0.2769092936182768,-0.21292592868680282,0.023613991575432737,[0.5]
1.3352975852752709,0.3819129190034748,0.10300172514032586,0.021611424974197303,0.3608325541240839,-0.24950727081568053,0.012371270872876814,[0.5]
1.6898004415287449,0.4809602359747853,0.11930705062644087,0.027396006487383898,0.30068767963796367,-0.3607986728117884,0.020005661815746624,[0.5]
1.6788680861330003,0.3662952286565805,0.16660436901665626,0.020545667384093892,0.40341756980340293,-0.17297118026615432,0.011407909898760615,[0.1]
1.544750239229992,0.45007675462559804,0.16427288177958044,0.02025229650084136,0.2615652336753336,-0.3778810858315302,0.030325819414019278,[0.5]
1.4277932488098675,0.39312100378448545,0.1072210000659193,0.0251706995913875,0.44845382636139985,-0.08128305193828972,0.014200869758025036,[0.5]
1.4620049225934058,0.45191691514931676,0.11988173492123795,0.017684357983515038,0.27594565465304777,-0.23428287736541753,0.04657415835579076,[0.1]
1.395586212331548,0.44080259685972845,0.1748182635906873,0.02539752532722187,0.3592303996033358,-0.2446290651008758,0.025550108039295034,[0.5]
1.4328970391964684,0.49243080898237257,0.19068633764065915,0.019805047833818173,0.39990602629004934,-0.2726629417040637,0.03129062718549801,[0.5]
1.3814709874374627,0.3977690437821081,0.11440083323287184,0.03370161544692542,0.4205420216049396,-0.2874072071539998,0.0271164116650123,[0.1]
1.4104901177650802,0.4299606315517198,0.16067043366947623,0.024748088349740287,0.29732884564613454,-0.45836811690797374,0.011256305233628206,[0.1]
1.432155940020766,0.4729971897924632,0.19908882818512438,0.03157677513786193,0.3755292569754689,-0.22900595486917052,0.015802803345833265,[0.5]
1.6366917771696734,0.4237248760812109,0.10690592772144959,0.030712962926928808,0.41491376359913223,-0.1586492536362512,0.0447209491990068,[0.5]
1.408766563279863,0.3400684130538182,0.12742834140675868,0.019472554744270575,0.39355771441220294,-0.31270462572559177,0.03542243647982633,[0.5]
1.6988566732808925,0.4428758216251826,0.16568061067404663,0.020986241240493163,0.27484819871847543,-0.44103769436934714,0.019064820113199966,[0.5]
1.458971817689077,0.38806939602791063,0.16868186373471677,0.022590606306338315,0.2958015636927067,-0.2675079263196137,0.038225159401127924,[0.5]
1.6218377958403782,0.40602616685817233,0.15565617181562771,0.01634233807469035,0.4116848823942234,-0.4052123088474673,0.03702990704881075,[0.5]
1.5149423233553254,0.4013575606655715,0.17608699557455515,0.02281749086341626,0.4174181756285287,-0.08020169576879799,0.024007187151623102,[0.5]
1.5843094868818257,0.36959349330287106,0.10118196789907423,0.03392453966761421,0.29239691483772257,-0.05878206603000896,0.01759234893615683,[0.5]
1.655008286678275,0.3264901943541756,0.10867066079362898,0.03321086768760528,0.3365908523181935,-0.18240475982353493,0.02876369940014616,[0.5]
1.38060172262426,0.3596312514967411,0.15919962028467924,0.02478668029783475,0.37084651561352283,-0.3691633281185961,0.020885736665529637,[0.5]
1.378547122958809,0.3505398041123263,0.1962371401317852,0.022434972325348274,0.35595803771039103,-0.43681308019340276,0.010260122377843742,[0.1]
1.6840455739079088,0.41802352755378136,0.15044504540130288,0.020385877623789378,0.3429097171151383,-0.15690072168218538,0.01288664546210978,[0.1]
1.56670275636746,0.38999510886476324,0.13983417677586246,0.024571774296888366,0.32982114307326604,-0.2519299237637733,0.03921864903963505,[0.1]
1.355314769687991,0.4710581277859677,0.10393177325939028,0.03004315084739643,0.40388452711071793,-0.07025802173992007,0.02329932315387524,[0.5]
1.4538532885443982,0.40863162227401795,0.12484951290402688,0.034778292443629184,0.28591020146212254,-0.12214559819882292,0.03345888385034909,[0.5]
1.4335282019410038,0.44310495846635056,0.18314175250385123,0.032344602870811756,0.4486117927693136,-0.25527530394061754,0.018323134869691518,[0.1]
1.5828942918550075,0.3246472653601745,0.11214487377301169,0.031996523510447406,0.2563227587640021,-0.3431454250591196,0.016161324493995637,[0.5]
1.505636386209114,0.38294077502334706,0.16125710839705956,0.030128651880058165,0.4091290448784912,-0.307728249813577,0.025976027137102488,[0.5]
1.5438640859960517,0.3037999673544919,0.12895174815933058,0.026147839402248622,0.3067813985235516,-0.018121047201072382,0.01908783990051116,[0.5]
1.4842449029419849,0.4332371592332674,0.13087228792484581,0.032685877104967426,0.26549090775193845,-0.26872004953945133,0.03725374147626702,[0.5]
1.4691350152641327,0.3623412435122242,0.17943194641276736,0.03174587458415716,0.30546384452925984,-0.1898838085532819,0.02519681737436668,[0.5]
1.3896578332282787,0.41512863750813545,0.1333431648579196,0.018189929537308715,0.2648746665991332,-0.19903847335561398,0.011129208142188152,[0.1]
1.5193274548232896,0.45631957418372626,0.16195077624964838,0.025506565555196606,0.2831257974754094,-0.2530230187356758,0.04476143053743517,[0.5]
1.604103166963699,0.41989374580796024,0.1080180329193271,0.024108707137546634,0.40737543924401487,-0.2723209532823279,0.04975308926115429,[0.5]
1.3557275409625844,0.3940120445897462,0.11233709359499897,0.033435495990709316,0.3476885666681423,-0.49738588613847995,0.026331523879543562,[0.1]
1.3081378137962596,0.3184129570111716,0.12013152078578918,0.033112653231829464,0.37121784110877654,-0.2639138120963641,0.019525792213153835,[0.1]
1.6254836983841816,0.4522419772860681,0.12217252107092394,0.022638525375278357,0.3844633387828654,-0.13639963497823954,0.011654329027179826,[0.1]
1.6533761272401226,0.42799570030150147,0.13074373578265813,0.034482863205753625,0.4383843781244125,-0.4576916596982739,0.028353404817550942,[0.5]
1.4859947935915494,0.39443445370823105,0.14535037783485524,0.020631281177543676,0.31947963691556336,-0.28542501410212745,0.024868349015156097,[0.5]
1.496380201453888,0.3949467264429168,0.13509338082822775,0.021939168339877885,0.3776894462766734,-0.38909191744370175,0.03215702897235176,[0.1]
1.654340543240656,0.450381036799376,0.1932029350731153,0.01750666026941761,0.28625484703070864,-0.3577816019979101,0.02571718383661133,[0.5]
1.4110327671868816,0.4527215092531426,0.10318647061319777,0.02067773514009997,0.363695544036635,-0.33928437179478454,0.032099251860815955,[0.5]
1.6620489812502437,0.30749917050495534,0.13316208721639972,0.015634868196481848,0.2937386280644835,-0.08178040352667948,0.033768184351575595,[0.1]
1.357183661019016,0.41416237421557295,0.1634909372128623,0.018053332728195964,0.3488631187756844,-0.22179535736595246,0.03925351401901724,[0.5]
1.393156062311646,0.30814076024469467,0.1999489069315787,0.028290056068366504,0.31515126383910524,-0.35541265077908346,0.0438626664861535,[0.1]
1.483093798917116,0.3876116187816953,0.1680888167700784,0.021344615873100353,0.3523959566061231,-0.4596181603317708,0.03832517701119311,[0.1]
1.5424270183181634,0.41701412154621953,0.10201998226252683,0.020592077430746696,0.36102833968150766,-0.15622855216846443,0.034674952337150976,[0.1]
1.431273484932557,0.4705728886659022,0.18501335010521586,0.020329620284535492,0.331851276969581,-0.19313408801039983,0.018431381128673652,[0.1]
1.3865598874345526,0.32237046949442394,0.13096341494288175,0.031182818586645244,0.30230634016595614,-0.12766842644780624,0.033946361086644325,[0.5]
1.5254182864491743,0.3598103376554086,0.1448687821436229,0.029584869732143235,0.30694285550740297,-0.0998839194009879,0.04059929517347593,[0.5]
1.4594962875805528,0.3488259906177474,0.18686775294691182,0.027290328879189585,0.3371785858997421,-0.2527833391430099,0.03911615934432795,[0.5]
1.3196795680501927,0.316551228877151,0.10829387624259533,0.029227962849099398,0.28257069802743084,-0.4260264083618719,0.01704677752631367,[0.1]
1.6648538492737823,0.3850512005578722,0.13137990555471413,0.031478303070487365,0.4313657177392788,-0.19674729008223357,0.048625688987548224,[0.5]
1.439412289217546,0.3586890584827002,0.13276125675385111,0.027944901368615466,0.41226220237016126,-0.21884288616703756,0.040809135312308634,[0.1]
1.6131523926411304,0.33423642319145,0.1901654505851299,0.01708616436577333,0.4288022961606771,-0.2883508808677224,0.042763731614910844,[0.1]
1.5597585272595984,0.3339805453570936,0.10551275110918004,0.020140794594757525,0.3919931608210404,-0.43006663067518447,0.027766688937960148,[0.5]
1.5468073480491045,0.4662487001727639,0.1580405833475357,0.01954921469796686,0.43659801540594945,-0.49639190735210814,0.04362463895345701,[0.5]
1.5169812701298042,0.39212601388176865,0.185139416963297,0.02823966592625982,0.37336699742443846,-0.004769915464909291,0.02269560319606477,[0.5]
1.5693454653830654,0.4382317594520008,0.17667132427001664,0.024269572841959956,0.39001876779924594,-0.4818514798426229,0.04587173008156857,[0.1]
1.3770631406719906,0.3254351699167095,0.1490547504735165,0.02386420411534939,0.4392158041870324,-0.21095136166695577,0.045807814877689354,[0.1]
1.62723497846939,0.301369343884492,0.156673982836962,0.03232707221295218,0.44785035198315093,-0.37802516814159776,0.038829244565217844,[0.5]
1.6392611345926895,0.3241996270070139,0.18631100321823604,0.0257533048131994,0.32267668095738344,-0.09046788039361414,0.026437535467279127,[0.1]
1.527111119466973,0.48725955126218734,0.195218221076009,0.01729507462454654,0.3654280142056999,-0.1445887067352657,0.015660796759187405,[0.5]
1.682277036775335,0.3303251847358201,0.17623047593453461,0.020733662534182497,0.2974940661041032,-0.3588256601065637,0.01184857032227108,[0.5]
1.473977454020119,0.49235259004044635,0.11094540695550154,0.02810244582670609,0.4274684804482701,-0.27880363940523434,0.031038728409227605,[0.1]
1.5862676598485825,0.3975305228223272,0.1730040637734112,0.015336730309097959,0.3011823234057439,-0.21315254458033817,0.03365429131407646,[0.5]
1.4177176520381962,0.446060984841105,0.1617561830027487,0.01900330558938687,0.3013352402317572,-0.09831159689678526,0.013538398778496746,[0.5]
1.4306610931606918,0.47388737384593704,0.11870239602432975,0.02886432632189457,0.35110381257452067,-0.08259823523628496,0.021309201024897875,[0.5]
1.4865673644725663,0.4427151573690694,0.19513414863299694,0.02902937010048066,0.25611664280778196,-0.1941760129874786,0.024438374563898912,[0.5]
1.430369904483501,0.4165949117533655,0.12167847152134989,0.029977275605022315,0.3046411101757114,-0.04407581483223033,0.01198640172940418,[0.1]
1.4480273599736775,0.40013579787345777,0.18741571495144133,0.031660760595499916,0.33765450437122047,-0.1626303709271269,0.01090031393736953,[0.1]
1.3413205037050486,0.49443448599208434,0.17464554517814923,0.022146849452876333,0.4445273491604552,-0.13209570314362357,0.023172109871432013,[0.5]
1.3836864198921683,0.35259856214173124,0.1002383214016042,0.029068107073263946,0.3045788942626844,-0.4247961011459,0.043489685145398825,[0.5]
1.667330935674548,0.33345827558411983,0.10737941061183934,0.024861467114174626,0.4483344798885348,-0.4497918509780465,0.035715871886155444,[0.1]
1.3661383116414771,0.49330764327220195,0.13754339007492708,0.027999455607717532,0.28455198201132853,-0.3494873445282919,0.045156757729866624,[0.5]
1.4149707488229846,0.39964521155654364,0.13521471469882781,0.017262775048490057,0.3036479523710517,-0.48867382886787336,0.02081673628855348,[0.5]
1.3951444366638857,0.4763837172930093,0.16675414396524585,0.034393792424510246,0.395599244375603,-0.29775843175884464,0.04330507992099913,[0.5]
1.301466282255605,0.4766674671780111,0.12754319406249884,0.029634006005425574,0.3809064697860807,-0.42918382998039273,0.0497904954450967,[0.5]
1.3535791165602242,0.36615546735329385,0.10769166967621942,0.02459698682531018,0.25957501545218625,-0.0061866494401173755,0.016750472671557395,[0.1]
1.4687868277111138,0.496001989515229,0.1414754876597945,0.029479182789061045,0.31267479430632933,-0.07777582052369525,0.017984445537247637,[0.1]
1.6228252361231892,0.39892073497431507,0.16286246984414834,0.0209697158643325,0.42935309408977695,-0.31108698695542025,0.035544451964874955,[0.1]
1.5783941106886403,0.37637232831924866,0.13641919122066726,0.03209335637682477,0.4106881592393936,-0.32302774684273594,0.03041796837970407,[0.1]
1.3519170613198,0.30291043238774656,0.17224762133653929,0.016177493470614906,0.29770818981679154,-0.2743902417507661,0.018931768080220707,[0.1]
1.3846015146143464,0.4734402010245694,0.12137368420235116,0.019997195143460166,0.274406197100807,-0.30493650367420533,0.029805031819907114,[0.5]
1.4203858401832343,0.34945141627174076,0.17632098684153913,0.022120696889791645,0.25499284359053087,-0.4059064058291485,0.021866527586376777,[0.1]
1.3476397395560693,0.49534967665624485,0.14600065935362116,0.027799242404810243,0.29557705416624985,-0.08224033887055954,0.039131241092686855,[0.5]
1.6576611290103134,0.3144059083939524,0.11515586585201362,0.03381187293640549,0.3762821024545408,-0.28134597448850573,0.03144388405096743,[0.5]
1.511237615499423,0.3345168741903941,0.19922286712514722,0.023080038134986276,0.3169842420664822,-0.016353622018471903,0.046403872568437296,[0.1]
1.3592508630065963,0.453144253361484,0.14045937200252465,0.027329837455207007,0.39580605674676483,-0.15113278128535007,0.033813579400173925,[0.5]
1.6499413604560338,0.4218259359002334,0.12424947894917855,0.03030087340519291,0.28542205965722134,-0.37997371948593245,0.028392686647571466,[0.1]
1.4420548584455586,0.3108105556139009,0.15103504754646468,0.034692628583302826,0.3726826142702166,-0.25607894104786244,0.023840152020107877,[0.1]
1.631464208659667,0.46681622703466025,0.10922876254015806,0.026073336926336295,0.28221412117879696,-0.21966217093672535,0.02830720092634673,[0.5]
1.39371961142364,0.42237840431121787,0.10199513429518203,0.018346878234789657,0.2536063287436679,-0.23903208814524363,0.033609605378081074,[0.5]
1.632055538264964,0.45179757401594456,0.18948058789837058,0.01640049672799939,0.330284917119679,-0.4415658595592745,0.02219981072950915,[0.1]
1.5650262449268837,0.30109345117646535,0.13033192215085995,0.027196919889338096,0.3889363191761154,-0.49052649286075967,0.016360139479705285,[0.5]
1.4613285967355996,0.4659429493871484,0.10618577979459239,0.015256128967917592,0.37739695433786813,-0.11084413930056575,0.014880412085730248,[0.1]
1.4199338849145655,0.4062396662233755,0.18343636383709105,0.01680104362824336,0.43452704658822144,-0.16971403118136458,0.010028543674835815,[0.1]
1.6931250395186377,0.36552404783800313,0.15973406257647677,0.020941731849154002,0.3020374309750768,-0.31904248130793644,0.029285436165640253,[0.1]
1.6178117343415115,0.3632892528301532,0.12265568050394578,0.027858890130738955,0.2541359433687766,-0.3754565422625909,0.02077605400409651,[0.5]
1.4445794104242093,0.4590763162116428,0.10571887771234625,0.030568367601497344,0.3997597223143341,-0.3249849642192306,0.044628148406914335,[0.5]
1.6589249477119126,0.4868153454362167,0.11662349905356406,0.01671224552723626,0.34879039062694994,-0.09882816890341833,0.01119952433606995,[0.1]
1.389590709180471,0.339885383447062,0.18262125847012278,0.018978594534612033,0.4287361300482438,-0.22718958975248,0.03936402186484392,[0.5]
1.4910380974640918,0.45961560065534646,0.17423128947544025,0.031206554373101894,0.31705757734766254,-0.060270913943894444,0.03258129933045635,[0.1]
1.4925712674228169,0.43511876434174535,0.19769064534276687,0.024676154261508945,0.4472033303287932,-0.3874808522885387,0.01715988057097073,[0.5]
1.5773284622506836,0.4123564019007092,0.15283363697553973,0.02637580297049373,0.3587206249894415,-0.2826629430974732,0.024310140110662515,[0.1]
1.3142784301896524,0.44001707254479616,0.13538112993647597,0.016622100906290363,0.35436929606852546,-0.36864797226328794,0.03704065105441265,[0.5]
1.3492646462657973,0.3951672695695511,0.14324809255988383,0.019820835557371318,0.3391762087055473,-0.011188451755899997,0.02793967217692446,[0.5]
1.4730654983375346,0.4241502551675014,0.18090922066487528,0.015139838299439936,0.40400374618694945,-0.08307465198624164,0.044270757803798064,[0.5]
1.4672987677253426,0.48029739735230936,0.17049784779115412,0.030275546116798238,0.38195839486559,-0.05744615864531977,0.013341646312995862,[0.5]
1.6692375460982454,0.375321377226013,0.12150761336919125,0.02818639108136,0.2564790276268645,-0.09472534064475185,0.045662314519472884,[0.5]
1.6466884735674032,0.4897029717515552,0.11375923564587079,0.024394753111213502,0.3989852459078238,-0.3624866346450325,0.045337089728390595,[0.5]
1.5432638871890672,0.4153025955113265,0.1520164175966196,0.03327670392398974,0.421370870317486,-0.46111763078085133,0.02592559032229518,[0.1]
1.5358687922130874,0.4348132968007574,0.17761396722601253,0.033412237642593164,0.3942800199537652,-0.46999241640201533,0.021051747576141755,[0.5]
1.3053605015265326,0.3718217574248766,0.15034676950544396,0.021790652002982774,0.29305091863585575,-0.0922270221139746,0.04525467324589784,[0.5]
1.3800948470198773,0.474207795675227,0.1439154799615382,0.024403665226742918,0.33150527760869014,-0.004367679758303766,0.035060432852200424,[0.5]
1.3527865507860073,0.4281303650883811,0.11631633868747568,0.028790596056374747,0.2575777948112026,-0.33701677764970817,0.04981888454866285,[0.1]
1.4541445017795351,0.3999408602199068,0.1570556429652737,0.03177717148056351,0.44051882433535655,-0.3377843143637409,0.0254187805813315,[0.5]
1.698056031009204,0.40285723006947105,0.11678511860928498,0.021697794461993762,0.36816532011554803,-0.0437051215964786,0.0487902056447264,[0.1]
1.3085488950935362,0.3231761287134122,0.15447870128646507,0.02978171034638881,0.3247764559358223,-0.20311138669797574,0.04148365926170397,[0.1]
1.6926207384959295,0.32360610104011694,0.1592673095493272,0.02702812530074527,0.4321593156753487,-0.3272296144914425,0.036990187028507746,[0.1]
1.5423263291589375,0.3082228112524741,0.15601030836053573,0.031064628097729315,0.3850228056564349,-0.30215119186416106,0.04227792745963307,[0.1]
1.561769266508127,0.4615912132032842,0.17262240873738094,0.018393569287896247,0.35840959205917045,-0.36299230748832484,0.04093589344635407,[0.5]
1.353857147894686,0.3833450762552798,0.1486269850123796,0.01864882248899629,0.25839506005624235,-0.01867436449069504,0.021199654077784184,[0.1]
1.6086129500642554,0.4545276123784707,0.19684758858887522,0.026919409889530503,0.4180102069594074,-0.42660555505936026,0.04119663414061137,[0.5]
1.4745315750981989,0.4483358274292031,0.14070845655070968,0.024916908883118205,0.292765596810326,-0.2809218169745209,0.03234203393070028,[0.5]
1.6460929190191438,0.34910490545175626,0.10631095585025363,0.018455521545808,0.3879020827463464,-0.380084953002632,0.03387048208292935,[0.5]
1.4533591895044584,0.4263237428137949,0.14089908689152972,0.03099103285512482,0.43014604498771647,-0.355997639876794,0.015576861232490101,[0.1]
1.357723465150757,0.46238171733579125,0.15255093269975328,0.028941005223470852,0.342093721683561,-0.0300706927221408,0.046049499797016356,[0.5]
1.4881061824281638,0.35446786522219653,0.19731491423192754,0.028711392983247937,0.26513193368955895,-0.4469478057988495,0.045316568743397484,[0.5]
1.3875286107123377,0.3157331478733644,0.16431981640173607,0.03305750093659733,0.3393254166247561,-0.03182440996589847,0.03250677575832101,[0.5]
1.4378822239659597,0.4082820398367579,0.18796474021992793,0.03351780600876346,0.42274430419102904,-0.4764080807353812,0.026067321700613235,[0.1]
1.5476445856660694,0.3792168560031681,0.1721425986687345,0.021657791515559036,0.32294815353287915,-0.2493957526866311,0.044944829798203016,[0.1]
1.4246483091237723,0.46380259554319375,0.13813444608669445,0.01843442449142367,0.2916905585640735,-0.046900166924322195,0.026670071876441638,[0.5]
1.4634334252300374,0.43172743043994666,0.15590605486850806,0.02036705622603227,0.3256820252814232,-0.3824733721933676,0.02366392101266499,[0.1]
1.559532594174561,0.3026332363241271,0.15226718765977668,0.022830437384472102,0.3217945043040678,-0.1760734382718126,0.03816742440682315,[0.5]
1.605198054405841,0.4550476520985477,0.12673732071033142,0.016581039900358672,0.3946139022230564,-0.2997108919391752,0.02767555375565884,[0.5]
1.4946412719997855,0.3787000028046973,0.13427507469209785,0.03163347467007831,0.28438719259422973,-0.3298762043643135,0.03634882528428872,[0.1]
1.5322893163778113,0.3582317360617233,0.1518761776812546,0.015817587577713642,0.27984379690489297,-0.3156140451261011,0.04491301639339154,[0.1]
1.460775003816489,0.3566883058111437,0.1377981654823,0.01733143173756179,0.35971693565982177,-0.21454272016346992,0.019796716758814822,[0.1]
1.4775983467277531,0.4110536610825631,0.1857631470514715,0.015294743144056403,0.34140978595912636,-0.1270111856993627,0.027054920820395494,[0.5]
1.4894471964466474,0.3269374984981436,0.1662919682784561,0.022464335702078633,0.42728561758645367,-0.48703866817297475,0.04120091229656457,[0.1]
1.3138031242344228,0.3297939082255762,0.16315942038424436,0.017970168082557338,0.3110287348727365,-0.4573387728290708,0.04630590786271259,[0.1]
1.5959819353134361,0.4715342991952629,0.14059371947610497,0.030256481208050842,0.43306983961738454,-0.19710077525933362,0.010745043024699818,[0.5]
1.4904349274632123,0.3390318381704601,0.16999054054898285,0.024886308071318187,0.2569016422525087,-0.495410945931412,0.0435528493236219,[0.1]
1.3540183641121486,0.30015835921306055,0.16655650319401666,0.028756654863819838,0.3645349960350188,-0.3171652232183294,0.04485569073798571,[0.1]
1.4228172708673563,0.4220384383813404,0.1065256567312118,0.016854065327100806,0.4389394141592191,-0.48772875220670775,0.041268264427829084,[0.1]
1.5719213449789828,0.30232419221275914,0.1447663815522574,0.031681177289320385,0.3102789911453362,-0.1979349119407403,0.029756054580875452,[0.5]
1.6600665457788037,0.4453125381885833,0.11854493483492083,0.024354545154686956,0.41031334744816966,-0.2510663495660016,0.04856033367445599,[0.1]
1.302760425724988,0.34562969373655406,0.15005699427511165,0.020427295597723112,0.32076854548881834,-0.13319779426104023,0.03898007965030688,[0.5]
1.5520721099771597,0.40330084787584053,0.1830697527495826,0.0301746442230394,0.34093845420833846,-0.09173616712837956,0.016349427843954926,[0.1]
1.5931203277462793,0.3136843799544909,0.17237294921946733,0.027753362791405844,0.4329482735448412,-0.014048386695305948,0.030152783596228118,[0.5]
1.635664292349017,0.36995576260738294,0.1420171623343326,0.015425133663057195,0.345805135385845,-0.32137679507211414,0.04311539451413306,[0.5]
1.6604632004089925,0.36011128261768405,0.10605664268604377,0.02453938036583206,0.39495646305228094,-0.14885744305769283,0.044115577941963705,[0.5]
1.432791310986714,0.30160181713330525,0.11537038096191654,0.022190782199716735,0.30169090262851955,-0.12914477659304813,0.046631179054900274,[0.5]
1.4004706030685756,0.42060554285806984,0.1842874469985058,0.03218280266388729,0.3192558879826037,-0.45587511267058833,0.02622448719542093,[0.1]
1.3513237953033959,0.30880758611023695,0.15653412650787127,0.027715318334242723,0.44589264127106815,-0.27106083757152555,0.03245128413281128,[0.5]
1.3986212582296824,0.30359827880771495,0.1513939656487565,0.025086359885548762,0.4194615072306409,-0.14278760466344104,0.0261508917665705,[0.5]
1.6451578325276919,0.387074470615911,0.1256427700814277,0.027812889505599563,0.3495561608576669,-0.013362291351664057,0.0421927593787178,[0.1]
1.3125468496600705,0.4216678797627844,0.1682898055978898,0.0311347535379433,0.25318028060362346,-0.2009569157311908,0.04239966359168946,[0.1]
1.6439373059143472,0.49790660114937313,0.12520931813002528,0.01702585209191621,0.40132795622922784,-0.0935933268477181,0.04873179842540821,[0.5]
1.307311838071714,0.40499103460575947,0.17128268848989486,0.01603360217558746,0.37850668500104573,-0.30378472301016357,0.034137515477177235,[0.5]
1.6109735799217324,0.44351650824205313,0.1251721205803298,0.021949636918569746,0.34517562222443543,-0.05687463568488449,0.04820188149365112,[0.1]
1.6504871050224688,0.3631552415783501,0.11566636058806962,0.02515932867413353,0.2886061805395084,-0.4162810478026963,0.0359167359399086,[0.1]
1.6168091154229691,0.3287880019535184,0.16210821180505364,0.017174409407142033,0.2719844212694065,-0.2583123229036075,0.04928414943960305,[0.5]
1.3158613077384829,0.43874752974645753,0.13696887732214558,0.025198648802069963,0.4220989355264453,-0.02017078404033873,0.03063335362334097,[0.1]
1.5412427149775816,0.39523857536336177,0.14068644744258013,0.01810172879394264,0.4001182294397988,-0.11345729355698514,0.024076653996400244,[0.5]
1.5035613050458074,0.4882509157386984,0.10402856025225127,0.016744856275002454,0.41195105753607186,-0.2463739648258596,0.030259483275924794,[0.5]
1.5795610073303525,0.41794395742952206,0.1545152574077892,0.02755148772885808,0.3057451878950584,-0.12126745075976325,0.04550679022415192,[0.1]
1.567920735375798,0.4833297416597374,0.1317834326097137,0.0166885175429001,0.31292462859327275,-0.3510197123800354,0.04795135410849115,[0.5]
1.5638888040019028,0.35402354184787815,0.16379417861924467,0.02932704081255974,0.29982779993165987,-0.4099604045777745,0.029500631167244724,[0.5]
1.3915857136802947,0.45210707363945846,0.14123501178210382,0.025053235000786933,0.40516764255778265,-0.022235311310304928,0.026193506668783565,[0.1]
1.6586172393926386,0.4650010406346654,0.15858371281283906,0.02198729525695281,0.338560111660705,-0.03470923569404766,0.040210101589036054,[0.1]
1.3830556924395254,0.31422218442269007,0.19351278992462131,0.023612348891229734,0.34578106169178396,-0.20367143318671604,0.022632534785260366,[0.5]
1.3369445371607922,0.46469897342280864,0.19399836544048016,0.015220677814744187,0.29419730385764997,-0.23076372475954765,0.017382733836484702,[0.1]
1.550044013094813,0.44113139140875235,0.1724434918162526,0.025417388179855456,0.2837895101930036,-0.485920112705637,0.03243484450676268,[0.1]
1.5273372707552964,0.4895570202844516,0.17252191524060717,0.023498506317487643,0.3737937562225919,-0.3646896396754947,0.04440532059306968,[0.5]
1.4919978825149165,0.4507035858134877,0.1972551142598008,0.032831239929965415,0.3547540235786083,-0.10735514086335213,0.029445932977776444,[0.1]
1.6296296674986919,0.3496566710185799,0.10019232318626467,0.025301190681504895,0.4029214129143226,-0.17231413278691632,0.0378329801660829,[0.5]
1.6723118506358705,0.46126904178000094,0.10186941543135364,0.01744006315186252,0.38757821327521225,-0.24228200355731178,0.03371265650836796,[0.5]
1.6796558983376328,0.4050997504734762,0.16979110136309467,0.026185427171877232,0.4145111704148726,-0.400541342825111,0.011900617453380846,[0.5]
1.314966440820178,0.4407131279555153,0.11123991148934444,0.023785922672650596,0.2816021056673577,-0.4502788125054197,0.023422374780235875,[0.1]
1.421234437614141,0.4901953989471361,0.18369639669318744,0.019260453103041728,0.3306907934793244,-0.3965258883297007,0.04153358415287004,[0.5]
1.379157513667906,0.4163194583570418,0.18823363254936076,0.03178359687896935,0.4158292162217262,-0.3161933895812894,0.014520792399651875,[0.5]
1.4849317109453186,0.439953677788435,0.14272917888531564,0.018590612784953123,0.42039393121223234,-0.3265223289626269,0.032908163154766384,[0.5]
1.5785247884677056,0.46210785160577184,0.1924356012720755,0.017926667575813036,0.33799049538411796,-0.35970729244798383,0.0322926839511503,[0.1]
1.3776215713477953,0.4947234589298328,0.13194236727280007,0.028661318982312625,0.35339095822258143,-0.12648809406196027,0.040701807519023546,[0.5]
1.3735328374136857,0.3232128418560767,0.18192255709129848,0.01910694098922469,0.25516538719993087,-0.32621913618000675,0.014976572086840452,[0.1]
1.6628428907303598,0.3172898534776154,0.16259109709405112,0.015182492931479562,0.33993773315315945,-0.4425857854374849,0.012734284507225233,[0.1]
1.6838839220378,0.3119025342931211,0.11320320354708319,0.018491160355277453,0.3747253818395012,-0.34677521093775454,0.03945171590331332,[0.5]
1.425986703891386,0.35581207571166434,0.13785415006554258,0.0303259149028349,0.35248026151521444,-0.18308211462398738,0.015120210012955758,[0.5]
1.3629308775360964,0.4147460658691109,0.17318085542596548,0.022778206677336706,0.29808846974460457,-0.29160555053929516,0.03494316266579871,[0.5]
1.334957332997971,0.4209365026813382,0.10389071755765397,0.0334538357256196,0.2801605373870178,-0.45927263304963994,0.04158310292986596,[0.1]
1.365845420036592,0.4363184053677519,0.10545738016090708,0.024633456784555478,0.3940480543796565,-0.27326458603620307,0.024239547769990297,[0.5]
1.357509965630382,0.49888091095027753,0.12021606385182872,0.03092513197119948,0.26777539751130547,-0.23825025099444147,0.024621378865531646,[0.5]
1.6710524171403818,0.48606266156089434,0.14748783339353919,0.02601900162171027,0.25087130495662135,-0.038600267885995854,0.023785653818540968,[0.5]
1.607543266478386,0.382030048968915,0.1373594266898995,0.026836164533327038,0.34480301751001574,-0.49330383195533545,0.03643110969628806,[0.5]
1.3190517434249436,0.3134935594469876,0.12226434533886905,0.03249672901527878,0.4408343990753268,-0.10635332569022393,0.047349575114673484,[0.1]
1.6319949379307093,0.3576310427551649,0.11277776839033327,0.034373845469926056,0.33382186585540974,-0.46159827025268496,0.018092943930582306,[0.5]
1.3665710865440353,0.47124597406545676,0.12644334126854578,0.031540107039199745,0.40788182474542256,-0.45171021641465575,0.041868158690228474,[0.1]
1.514511904054119,0.41731841282143994,0.17430495092761267,0.03466624286788273,0.3870780671101338,-0.30314484100417655,0.048400656863875985,[0.1]
1.5154025721871482,0.45290808193749216,0.14855298621952012,0.034432784490785864,0.29485742666565706,-0.2504074747693975,0.0374345763893444,[0.5]
1.6770222260049543,0.4024000943676097,0.17653330552776228,0.0214478055956318,0.31231060799430505,-0.02289861133983284,0.04371738013464826,[0.1]
1.341674167994259,0.3723273758812351,0.17575495762060267,0.017153945697151313,0.3839087536616961,-0.21832898946743517,0.04163998394587853,[0.5]
1.3781911295872313,0.3299602020938008,0.17457770484065047,0.031031234297893104,0.36328917409854866,-0.39987121166790335,0.035951996954040784,[0.1]
1.4272609383308978,0.40208424419135,0.17678690766514332,0.025031330146361722,0.3139868872697804,-0.16448338104628946,0.04075387286450621,[0.1]
1.459789871081432,0.48273676823020106,0.1984919871350509,0.0270887010273252,0.2707213250019319,-0.4490592621277529,0.031516755224629996,[0.5]
1.6375456551389425,0.3639465830339215,0.15820193079960693,0.025945862266948068,0.3864553287812392,-0.17598822347632442,0.01087261370419225,[0.1]
1.6483672386606554,0.44766442618681734,0.1025723809775607,0.022263182739909192,0.29561907552344074,-0.13276262546605255,0.043144361836021,[0.5]
1.4804237657403452,0.411428176765376,0.13541272938169882,0.02998648592855882,0.3453962630685883,-0.4242172646998456,0.026883136731877,[0.5]
1.3258547818496238,0.3972184633210521,0.14687187494709356,0.030944405408311663,0.4231417994613963,-0.49921079327355655,0.028592825604974954,[0.1]
1.346026530437875,0.32947165751065777,0.15261117478630884,0.018552607773387422,0.37560062468243016,-0.17491779899959453,0.025011002609322347,[0.5]
1.3292395276476743,0.31703328496581884,0.12446567575197509,0.03333040840421509,0.3209847368007987,-0.15564950758408924,0.02158416173358891,[0.5]
1.4968915053317233,0.3252210762564793,0.12465793260198085,0.01885673390993271,0.28501881340134716,-0.46657180044575797,0.035495668949338456,[0.5]
1.5566400505392792,0.4567709562479767,0.19093883538823797,0.020681506161920916,0.298351689863345,-0.1984735869656441,0.044499071340019805,[0.1]
1.513393153990985,0.33176722511930634,0.17029183039425083,0.03189931625036514,0.4189907605860644,-0.4422241887004983,0.02498607352825927,[0.5]
1.6222393162075615,0.337902390226009,0.13558648982119786,0.02648561595735484,0.2939388568223989,-0.2613818000880235,0.027452643486505075,[0.1]
1.328794379250755,0.4306367092524882,0.17273812895152418,0.03136786802889106,0.3146328476867409,-0.4371051111793724,0.03477625707047686,[0.5]
1.5788681046855353,0.4888160236413224,0.17474764307999546,0.015738479878594353,0.3860674777460332,-0.24091408511658435,0.03850853949498426,[0.1]
1.433886602037905,0.43436399575740103,0.17501472681621427,0.033826428695536204,0.41109254372024334,-0.16541427145297632,0.03711016047238556,[0.5]
1.3228200715446206,0.4616384553107685,0.1848298609369145,0.022302843490056415,0.34973257462730584,-0.13817969001323055,0.013839612859955597,[0.5]
1.6004551409616017,0.4677159717247128,0.14231158523988807,0.016963503383077488,0.42484655611465455,-0.374181759987238,0.02868847998667399,[0.5]
1.4048187461774981,0.3735713441313963,0.14372043229671144,0.027151220062528895,0.4245492801954023,-0.4195156520726887,0.040762842479343725,[0.5]
1.5572548195058296,0.3549237064137484,0.17181047779171282,0.029693725611742855,0.3220670580292264,-0.16918250513073008,0.01266659676009124,[0.5]
1.476089780502893,0.4605717489813198,0.15019155820985386,0.015615248348069915,0.3909707432675041,-0.07912150090421965,0.04672306338580689,[0.1]
1.5241528374245499,0.3936187219904901,0.15357073686183853,0.01917811608708539,0.41732684473242465,-0.24393980186685715,0.019998870758951084,[0.1]
1.472616910651479,0.46085111315720145,0.12684728802545991,0.0321781938577322,0.36785323915965545,-0.25206379760880004,0.046522197872524505,[0.5]
1.385341841679633,0.4721971011686015,0.14168627847807652,0.019143651450069354,0.32618836494302306,-0.37152098918426335,0.031116535169235647,[0.5]
1.6616997946718102,0.3704669777737547,0.12382092404613278,0.019904763251974485,0.3183870431887774,-0.1016236165805125,0.04696285068026095,[0.1]
1.4709183981228324,0.46840459519128647,0.10330731113536956,0.015681462879948795,0.29531792343527064,-0.029267859562284226,0.046957311512381986,[0.1]
1.6209862264208736,0.3773539993966404,0.1877647682338991,0.034295011301186756,0.3983066196314414,-0.11746365693837973,0.04055078650135991,[0.5]
1.3684186640624727,0.37407258245118474,0.15626297196175995,0.03478994104153285,0.3815806138090497,-0.08765554530994113,0.010718454563180138,[0.1]
1.3758102369776708,0.34278350881768216,0.18656765958603294,0.022568155903106523,0.38562755762287837,-0.14911426621450852,0.028985485610540616,[0.1]
1.549485476925883,0.4294079745084518,0.19645669446460828,0.02186381100537206,0.30397004450018517,-0.13373069656327446,0.03030129629466518,[0.5]
1.5997309289449553,0.3595215390840509,0.17928017403245028,0.022061104719738055,0.37152590671899993,-0.3065624742393763,0.029018330810580095,[0.1]
1.5164797022032472,0.378261863939158,0.18384000958092328,0.034319689987831824,0.3803154816647061,-0.021776081226961175,0.020249446517798135,[0.5]
1.336425709146801,0.448710714021071,0.16019138437858726,0.028071279378378774,0.2978317710855191,-0.22559404727130594,0.03126709968909303,[0.1]
1.3923706007878431,0.39393222834531083,0.14825606410149247,0.02311037329363788,0.3210903100857325,-0.014842522788868773,0.04678435974908297,[0.1]
1.32626447337726,0.3509957583111313,0.12404991236069146,0.024322616769624335,0.4133831496763034,-0.20220337622562612,0.03616347661755387,[0.5]
1.6793047193915152,0.41025788027699805,0.1979992312611054,0.020771284398145292,0.3214221007757683,-0.12436110670372441,0.015745922065606315,[0.1]
1.5921523505200468,0.37462727776865656,0.16134513756757152,0.018742912391592897,0.2882526329431381,-0.4989983566771299,0.02278635126149583,[0.1]
1.446147580329215,0.36759703179367254,0.11604608559412552,0.01695059834957466,0.3353442523890533,-0.20680780801828708,0.03601114766041687,[0.5]
1.3736374274332541,0.4255069986344587,0.16782879501819598,0.024836409584526493,0.35446941740392096,-0.31006600065995654,0.025448160253829753,[0.5]
1.3099442460849149,0.3348150208478452,0.1692510888040052,0.024981734802160885,0.4268269795805071,-0.23317670182548583,0.016850840260458258,[0.5]
1.6008004471756567,0.4725493244649106,0.12882110344384973,0.020212258937686384,0.4499863786370232,-0.021140397827982382,0.02043363080851847,[0.1]
1.4185818599769775,0.34476961201547845,0.1527395352789389,0.01611678301962412,0.263285586540833,-0.14367195529295168,0.03416965719515991,[0.5]
1.696870487591733,0.49772963157860506,0.18105950710244195,0.016554538800791885,0.32706125674005027,-0.42196387276447117,0.019917177357819428,[0.5]
1.3969863791205706,0.3866315778753987,0.18755232269041272,0.017527383485031828,0.3113403857744182,-0.2123083987901485,0.03852717230304946,[0.1]
1.5065313306838761,0.4635765455954018,0.1986219235114157,0.022169563034617396,0.3322784204228253,-0.08569938303497826,0.016540738857307207,[0.5]
1.4028720818519007,0.31615069426023235,0.18283976245236433,0.020826294331904457,0.44694083073912816,-0.23656028408362562,0.017913641503598175,[0.5]
1.5946090115781173,0.38873129009964097,0.19608522040576992,0.024602140257121118,0.2721486273881353,-0.07300016469491366,0.0335473979410127,[0.1]
1.414241567434309,0.44655267762358064,0.10366619457883536,0.022888873169767607,0.30038652059724713,-0.41103413426403385,0.029269804690168794,[0.1]
1.6741892326813,0.32073918627156117,0.15169711990090365,0.03142228877827428,0.3431429703544631,-0.34975031825560565,0.043676134476099505,[0.5]
1.6197303707802302,0.3565523346265819,0.19313884527410813,0.018249496843262627,0.399493651785258,-0.29694996574527827,0.0425810811765465,[0.1]
1.3393594268852977,0.4814515436692604,0.18915290361991105,0.023887313129509005,0.34362018338541134,-0.3217949839444075,0.026492091554003457,[0.1]
1.3683685305889743,0.3852094310481846,0.16848168661009094,0.022873731540411585,0.35131847705049934,-0.05940851781021128,0.046228132751469704,[0.5]
1.6202290424333219,0.3386349747234128,0.13209559814693883,0.029249327191442437,0.33885918662788156,-0.015733255845960914,0.047405097581640965,[0.5]
1.3669171822615012,0.42476625048451744,0.12128636959529832,0.019087319066802225,0.3441139829775558,-0.2362699723835021,0.04017533466375528,[0.5]
1.5182045221570681,0.3480318047998155,0.13369094901563305,0.031968574759038755,0.3222343496645744,-0.3815103642997095,0.035651380782078836,[0.1]
1.5278670770353902,0.4637992497520562,0.19636588955721723,0.01988329476861348,0.3083839597743545,-0.024458426315600135,0.010382796819357065,[0.5]
1.4734859648566223,0.49481292667773485,0.17558020713634714,0.02698441763456521,0.35509472300684514,-0.22415761811980328,0.031532865127204296,[0.1]
1.6884485897670505,0.4027875973049508,0.1883981564780597,0.019514569258250975,0.4427341855911155,-0.1841341007688133,0.021992444909216043,[0.1]
1.5041076020844444,0.4789281725094596,0.1761413150113651,0.027128972980565977,0.2884368012308403,-0.15233321825958968,0.015087128319222811,[0.5]
1.6059801869122132,0.4007274355910623,0.1487724305036803,0.026875837216413574,0.4422700070843657,-0.4684142032655032,0.0464890226348388,[0.1]
1.3746183936097627,0.4369411039055695,0.1462633283541569,0.02011101100673527,0.3090021528853516,-0.47954036229792174,0.017823651833252366,[0.1]
1.675368683311686,0.42332823801323016,0.15362430437476463,0.029820377835501656,0.2782499814594835,-0.43395563865087455,0.04761743428245475,[0.5]
1.6979460508061965,0.30621148677650767,0.1658805686773145,0.024944090254816236,0.3612812162456032,-0.14320339867621495,0.03510771605020563,[0.5]
1.5108376845426803,0.38368740398143086,0.10232316058222311,0.02562681182004911,0.29022158669049924,-0.4310516763955289,0.016292310728935267,[0.1]
1.367811620359213,0.48356141362214855,0.12285598698093851,0.020939615495780675,0.4128561771766791,-0.4169936801285028,0.02188601647642481,[0.5]
1.6685144346589884,0.327735825634156,0.10216550254529629,0.03433234760961565,0.2570441934559961,-0.14417702745062583,0.024535906110023133,[0.5]
1.3032278848742604,0.4264602417679933,0.19824619553121947,0.029663686569015232,0.3267220193742642,-0.3877333519342997,0.010565796879649265,[0.1]
1.5936649515171426,0.31984375660320796,0.18950290065809788,0.021774216484500272,0.350081614841125,-0.005446727259114159,0.03323907575176713,[0.5]
1.5584737363185697,0.3364698799152604,0.14134217903198176,0.01724086089165792,0.34012093144450967,-0.3146955320007047,0.027025454695611434,[0.1]
1.4501180844501707,0.31291213823880837,0.10345668798548491,0.01739623468235646,0.37869008588234015,-0.05510663521574238,0.027535111408094948,[0.1]
1.5950218336266984,0.3651695588714575,0.12960074687729425,0.022992197317590675,0.3485000312141717,-0.41493676331255835,0.02005166264810576,[0.1]
1.5624548359722066,0.4395503192949116,0.16188183321310629,0.02622696095191617,0.36632357804794957,-0.007267423654263527,0.010169949492867297,[0.5]
1.6440241248522816,0.3807705943018612,0.10961610068658388,0.027584220196694025,0.41977638220235125,-0.0907756192048998,0.010128641807712504,[0.1]
1.4318059020895155,0.32725091163430886,0.11291384605815712,0.026332127331197275,0.2588325761710073,-0.1124061669462958,0.03739525424839749,[0.1]
1.4440704766637664,0.354232599864015,0.17515818708734804,0.01779568926037666,0.43796583044788917,-0.0809262911572628,0.02522665851926509,[0.5]
1.3721566758127586,0.4589565453768817,0.1670580330572144,0.02018386452489624,0.38422596767889255,-0.35467638285150854,0.024328780543062915,[0.1]
1.386988466706098,0.30037233026146465,0.12790375617187447,0.023166032075059028,0.42792909023329145,-0.43948069394224726,0.021275991802149948,[0.5]
1.5098765757477095,0.492801514218967,0.16469115595645312,0.03412944730250341,0.28335543108387273,-0.1938477355193206,0.017301173889380406,[0.5]
1.6513135881727634,0.3670477510236655,0.1499685307060274,0.028996873034070517,0.4085227272787875,-0.035018721466610336,0.03163026013564448,[0.1]
1.6595193117690366,0.3211922781113232,0.19084366540538578,0.029744389168928582,0.25216217054405005,-0.4744615679661522,0.047986329722010786,[0.1]
1.4705467999548296,0.40949032285068465,0.13454174554848553,0.02753793020543243,0.30769994030384096,-0.37687491859188216,0.017714340786863455,[0.1]
1.6039746469011433,0.4100440069669827,0.11306130608531681,0.03385412634869213,0.2796300906771526,-0.3619104502328743,0.03173571830774902,[0.1]
1.5008841585093915,0.47336986441425083,0.19676000533747756,0.030471573862340003,0.4157681861947731,-0.38070162199837676,0.04414529342471907,[0.1]
1.4479406764525469,0.39060690285149957,0.16799312681954154,0.015217522071402683,0.3380066384613345,-0.22647516335293777,0.041066582703250316,[0.5]
1.5093565381269665,0.4311123846625139,0.11010479593734081,0.016317432927831776,0.4366443455134046,-0.015012417239864462,0.015191693542477496,[0.5]
1.5363342377452867,0.44744100905503037,0.1607826435678388,0.03079078438524813,0.41017412203252623,-0.4048880077641232,0.02265314864335584,[0.1]
1.3155280965074057,0.39607505858432945,0.1351577513881193,0.015373957422785238,0.26247406827325936,-0.04094213932636598,0.032181216372133274,[0.1]
1.5481864429780208,0.4664807658512866,0.10137904391156359,0.031725356352325956,0.3914915265298562,-0.4433283711184968,0.04962187614105136,[0.1]
1.6719159867744025,0.36102168411654195,0.18418026703375023,0.023275012075140343,0.3325272860303733,-0.4604865264746223,0.0499379236040716,[0.1]
1.3708641564119262,0.47874193308766355,0.19109790800010984,0.0196453538982791,0.29320766441429597,-0.20544740913358794,0.022398491217050898,[0.5]
1.5263236552018644,0.4135393439290348,0.18988127371464986,0.03424431839258689,0.2723439514357779,-0.2074829318079211,0.028259002477479766,[0.1]
1.5908848858590297,0.4584638693071406,0.15061377447383384,0.030157452601485238,0.2601008873686478,-0.09777373858980298,0.03407563355324622,[0.5]
1.6966184500441546,0.38587597618257885,0.18111366574359017,0.01798583090346237,0.2590457726865842,-0.11614640793848885,0.034622108636813614,[0.5]
1.4010443683997653,0.43470576580354514,0.18888699474779988,0.020446617359327044,0.25555475010655637,-0.4460822619207286,0.046085220769040675,[0.1]
1.6145643311945168,0.49114676644147226,0.15555161137702242,0.027401651639053615,0.26844518497936287,-0.1923838786494244,0.021516296875193477,[0.5]
1.6612916977609564,0.4089042942046276,0.13381533602842474,0.03281248935594554,0.36887415410361657,-0.3531337906186642,0.014583958477732216,[0.5]
1.6999301372825661,0.3225226797581914,0.13676441987343613,0.022675185556025667,0.3898481487728238,-0.2558032629622972,0.012982668087947454,[0.5]
1.3906209994323013,0.36873358485633184,0.15487786776711088,0.023926011068923392,0.25879733349938977,-0.13055077629350426,0.01945730904904786,[0.1]
1.5538851209548183,0.32444627144737925,0.14030084754369576,0.015089359553564583,0.444199471712091,-0.44580070196669114,0.04292976449229855,[0.5]
1.3447027954865254,0.32135832553396576,0.1271215833905683,0.015961377944414556,0.3164394899976722,-0.053191922780111145,0.03016875521187137,[0.5]
1.6846361592265113,0.49190872268026886,0.1496866251144755,0.03496056377255038,0.358035290828879,-0.036604261490389034,0.03717420260041633,[0.5]
1.4079619109399686,0.4813706893094724,0.1284429718364939,0.02449361933020722,0.3984327095461142,-0.24830388197930542,0.0368857533902014,[0.1]
1.3695547196712288,0.41573505420805645,0.17335999161917975,0.030912682266069,0.2605521675864004,-0.2603536155502627,0.03839284127305267,[0.1]
1.3246444329185456,0.42289403324521485,0.18963435928803868,0.02948703284818435,0.33215184102860823,-0.2817330091405721,0.041426526828948394,[0.1]
1.6225483908543457,0.432933764103938,0.17057502422172666,0.02293973636605219,0.42598405604090744,-0.4609060635658908,0.036230407209291736,[0.5]
1.4580195573560402,0.48717583111028695,0.14510658275656743,0.020576207673418653,0.4030229418785709,-0.046364320976673146,0.0455271547375332,[0.5]
1.3118840755482986,0.438481663752463,0.130238182575487,0.030842802867915634,0.2597756404446444,-0.10420245431709191,0.020590997441096742,[0.5]
1.384294538312451,0.4791760249206362,0.1388694652778073,0.02988010139317758,0.3716615531089434,-0.30879506493029296,0.015447993299500196,[0.5]
1.5054143734804468,0.4598967324217208,0.13159515961198798,0.030725126763154913,0.3793285513607261,-0.13791658778338184,0.03470349065182264,[0.1]
1.3946255230901616,0.4847689133587044,0.1800480817410101,0.03242070231849388,0.3783508018336509,-0.045095603068178614,0.0466462724693657,[0.5]
1.3269956477107387,0.3728876226383495,0.18724184793271526,0.028543859891385654,0.32051842430594224,-0.42325317479508817,0.034556685756224906,[0.1]
1.4161307690745768,0.49653325496210565,0.1947822595655782,0.03458941734453107,0.3669650428749277,-0.21668278892682646,0.01941802092227614,[0.5]
1.4853781414732121,0.4914003060341552,0.173878466013774,0.029371091924779963,0.2623892578964602,-0.42290482318425715,0.04097657666763867,[0.5]
1.451336927009434,0.4197047840865883,0.12294701813933855,0.016190972180430783,0.44253322983984317,-0.3328022712418369,0.0332633211501331,[0.1]
1.630852736338961,0.49073241915456167,0.15683083233408898,0.023691383968384428,0.3351513129605361,-0.3954947017713236,0.028150474744000304,[0.1]
1.4060949961907592,0.32186102977184755,0.13409116491278175,0.02111427829226536,0.27426332550389765,-0.008127593693352031,0.03752126738009509,[0.5]
1.5629791515227538,0.3120992579787824,0.16475685491061434,0.02201069030584168,0.37981655351275456,-0.16351170884942529,0.01312120868511463,[0.1]
1.4210277759645318,0.4224614855794563,0.1521199753565991,0.025426839738822905,0.44110195020275195,-0.2964451727908075,0.018542610337716467,[0.5]
1.5952876841909223,0.30928711427939204,0.10268657429912395,0.032953402917153984,0.3801821348745259,-0.25477063440974135,0.04035400157392003,[0.5]
1.4145777766777436,0.3770057917026198,0.16859883839089482,0.026125677188082293,0.3455592583076938,-0.32051723982175184,0.01093487291931766,[0.1]
1.3310790132934318,0.36409854209241554,0.11919449268912108,0.023371455896421974,0.35728462201918965,-0.17393735517468095,0.03556611198355948,[0.1]
1.3216311600436008,0.3097163946500001,0.10245509657148202,0.03399981531486741,0.3245085280911557,-0.1092545473596726,0.01805779233194644,[0.5]
1.435967083418066,0.44593788420529934,0.17985740553226126,0.03426345840505314,0.2512693672902033,-0.1474023469521003,0.036635904133531114,[0.5]
1.3047927806783974,0.3692153056396076,0.13702809392973408,0.03255279556990305,0.25189902648499995,-0.4070048734121432,0.0300086589080661,[0.1]
1.5766971322471452,0.48365965691680857,0.13934875932667806,0.021706664076608352,0.36928549286925727,-0.48426262015297444,0.03237636678638591,[0.1]
1.6471646806455897,0.41253735296697536,0.18529111440196344,0.03473243096939124,0.38218367618691573,-0.2620830687933695,0.019691780139769494,[0.5]
1.6637644817417834,0.40373016052889826,0.12722482505425908,0.026923975760319255,0.31917683575704936,-0.47819986997875086,0.026465820357461558,[0.1]
1.6346704175294828,0.49367065854135656,0.10661674890760799,0.027933279963763886,0.2606822573943158,-0.017408320555990453,0.03976066512979895,[0.5]
1.4836102067251524,0.4768023638748121,0.12199355918163571,0.018508055439251075,0.4263976711638121,-0.0030468728630075326,0.016154020236732566,[0.1]
1.6097330592509769,0.3438719907652738,0.18169501337378563,0.02295129887236331,0.27804066471997724,-0.297225269524674,0.04855868930586824,[0.1]
1.369988044218629,0.39814672505126925,0.11261373071880684,0.015525876439538707,0.3731467310521571,-0.31077504199087636,0.02670394105721212,[0.5]
1.5106224377553479,0.303825463119409,0.18440727805419932,0.02210286767880425,0.2899743126086399,-0.12864106047391938,0.04804381390924093,[0.1]
1.6184195164194741,0.454997638941398,0.10936556186940982,0.034151230640299464,0.33411970672705515,-0.34701431343897327,0.031150200271444498,[0.1]
1.3128363408344788,0.4657739997432139,0.18899502830381582,0.03464576553661543,0.2755647587754361,-0.4706488425666119,0.013640040668263975,[0.1]
1.4783379255903144,0.3637256747939758,0.13795927823599155,0.023858816002960852,0.4435021367063585,-0.4650956793115977,0.049647315409143106,[0.1]
1.3341517447408044,0.37695549801447426,0.19404789306635475,0.033131564911297,0.32961511251873377,-0.4409667972008544,0.0326183613373315,[0.5]
1.6235005402479579,0.4353609764082294,0.1881554353811391,0.025485541535904488,0.2753931940185576,-0.049856709765393414,0.039827347350922915,[0.1]
1.4896001711534461,0.3187628761830257,0.11182477320373038,0.02401217700872553,0.3336263682544507,-0.16190074011011113,0.04503203253022933,[0.1]
1.4984045741034684,0.3932018310145238,0.1371755697974183,0.02585500928248876,0.28344575419919216,-0.36840219499590565,0.03638244695593664,[0.1]
1.3396179390288512,0.4648391140178899,0.1306552428547932,0.03410268809692414,0.3953354105722541,-0.439530884928535,0.04275972478721324,[0.1]
1.477899205064685,0.40311877374918903,0.18323026826015193,0.017959541702625266,0.36229705624108066,-0.46456060957136996,0.025074996114359524,[0.5]
1.4921077424782319,0.40412769218424527,0.12917856873432534,0.024050632114940126,0.2995180592264279,-0.3277470597722467,0.035842647487920085,[0.5]
1.6343617901305778,0.3411754119844186,0.16089686735454387,0.026467887223790194,0.37244550401805243,-0.47724491540005304,0.0232236166687435,[0.5]
1.4399882055285746,0.3158064997110105,0.11153583210522452,0.02808348474726379,0.3642460818394306,-0.06444248729908075,0.01483583521392888,[0.5]
1.66656087626133,0.36274140462384086,0.14004076273480762,0.024241978297045042,0.2692653597905338,-0.2865308361563819,0.014035075044734138,[0.1]
1.5247718267421706,0.33763151563469884,0.11720133769321628,0.0180167558518118,0.34905918185756935,-0.28340401240285423,0.012841942226105046,[0.5]
1.589300517319407,0.49824592820326086,0.11692219037883114,0.023638177217151994,0.29713244050258725,-0.18392758022172206,0.027370483355148606,[0.5]
1.3956634746851113,0.38906959914606587,0.1672466676114465,0.028817842580571428,0.3535132298637619,-0.157480973595513,0.013718142924706217,[0.1]
1.6679625277655097,0.40744689422086633,0.19658702897984529,0.024073673344558566,0.4063387350438905,-0.2746775491382706,0.010525650505854824,[0.1]
1.4112514397242046,0.3285250060473836,0.14759284821557897,0.03366243625641166,0.3828465647571669,-0.4997235733959259,0.036933842197180634,[0.1]
1.6078400726674376,0.3392903502777002,0.11655962394356989,0.027050419599086613,0.2678593326560785,-0.26420752621216564,0.041743836374234185,[0.1]
1.69388314603359,0.310130842848187,0.12505723402677504,0.018635442599629272,0.2928257997222665,-0.3322000924728541,0.017946866850955263,[0.5]
1.650310584126172,0.4090792504341186,0.1899951815993039,0.028640572866885,0.410800847318631,-0.12157060307955592,0.01571798691861385,[0.5]
1.3882936585662706,0.441766942757834,0.14658971307249422,0.02747024284452733,0.41662462662799155,-0.06799298708428192,0.020146447299004267,[0.1]
1.3181386849683745,0.45692318358210277,0.13960945774410516,0.033964136064965,0.2690818253645018,-0.24132948627730066,0.02525148734482361,[0.1]
1.516259624410604,0.44249186207569124,0.19467044927495442,0.02403432493758193,0.3834651794182642,-0.07821367456423678,0.026086368960806582,[0.1]
1.3858956384207322,0.3150270041686652,0.10516419433104221,0.016140553963584353,0.2585735434593075,-0.4674285751189689,0.018817900829618914,[0.1]
1.6153866592568904,0.4909635153739405,0.13902244733526664,0.022371927954636963,0.2918747462586434,-0.44882084611389356,0.03280529170826793,[0.1]
1.671385153236768,0.46555878897062897,0.19434746573848277,0.027000017321436854,0.41354156746071974,-0.18811823136866418,0.049850386908823756,[0.5]
1.3379218348244597,0.43445743724659736,0.18900465145637607,0.0244687295254618,0.415423026356574,-0.37084207648753914,0.028413292179565338,[0.5]
1.673909510896849,0.342352029605322,0.10676282114719042,0.023757444496813607,0.35396103094272474,-0.2029088172473733,0.02274948618669322,[0.1]
1.4043320590019577,0.4499505876707327,0.11468458310617441,0.02429337002739628,0.37034075154023305,-0.2373912205784673,0.04590352743806894,[0.1]
1.5157138091897453,0.3863326744059251,0.1415750573649676,0.02060069220843884,0.43686832692770505,-0.15255170321004746,0.0359692777151869,[0.1]
1.6265530221831856,0.4556258515703159,0.1171948282643134,0.01700882091533823,0.2967876056677685,-0.07241186175224512,0.0360490415011041,[0.1]
1.6118688036725017,0.4825454665247755,0.11345078528546852,0.02566936950737276,0.3073446498270137,-0.011855147746264172,0.01987223953568651,[0.1]
1.3200768724699472,0.3009679081875788,0.17170462429412084,0.01782640119701407,0.28912956938122775,-0.2011251317167545,0.013942748836497702,[0.5]
1.3754735807585683,0.4213617002260392,0.19309803282178267,0.025450455284550505,0.27765117435965014,-0.4829065196272908,0.024668566436592577,[0.1]
1.4437096183682485,0.3554587261735321,0.17745336583961496,0.024729403501535394,0.343374410190406,-0.12042851418812611,0.027133770773903044,[0.1]
1.6242410443199535,0.30551503466083363,0.14815819144792944,0.02859656749967039,0.42995411927634564,-0.06658214331753731,0.013771072451795312,[0.5]
1.3458271685272538,0.48759136244390033,0.19458552597740203,0.0278919268783002,0.32415210706883013,-0.34759367695299026,0.02822182706613021,[0.5]
1.5723221665860099,0.41614411568099363,0.15758579735444647,0.025888067264562505,0.3895123316713017,-0.3402685333846898,0.03389706995024615,[0.1]
1.5514609191427784,0.42348812524980717,0.18157014663569124,0.02009413663458754,0.340319837470655,-0.4361763209517753,0.010092490481621528,[0.1]
1.3439799484156048,0.37919995750650676,0.1249576416722996,0.024151802234522877,0.44968077831249553,-0.24017038490833598,0.033165169614784426,[0.5]
1.3561082520803747,0.3985699266156436,0.17417613808873905,0.030071896263068096,0.30187774677011475,-0.09708877442908376,0.023688740423526783,[0.1]
1.6424997836746293,0.46826723348950783,0.14989103475530594,0.020126529274348014,0.346440285617263,-0.3884984786494172,0.03422643907331197,[0.1]
1.359056570392506,0.4358829758135596,0.1509459149175254,0.018539374060759724,0.3417937601686452,-0.40421966193011377,0.021084889416351355,[0.5]
1.6276681947484393,0.4202927781646527,0.1553117283719839,0.028252871623776835,0.306036795787803,-0.09277844715660843,0.028913738854447823,[0.1]
1.520811858011096,0.40353914116851836,0.15309566132686778,0.024511178167892285,0.2610834377094967,-0.4713455843243142,0.04251997557618946,[0.1]
1.4419976002444452,0.4601582112543684,0.18123619966196097,0.01995389057110796,0.4309611028390495,-0.4678812722613141,0.04669866388960515,[0.5]
1.4912786082391842,0.46975247363666894,0.14189410120014756,0.03480672879500478,0.40144081117563135,-0.012758849455666577,0.03872764806388833,[0.1]
1.3613139038568784,0.317694624224762,0.12256725723342157,0.01594659004168654,0.3877754606063936,-0.35074844412663975,0.04777226400319858,[0.5]
1.5343518716888125,0.3190513318162995,0.15908913663741914,0.015104051518542489,0.2740678513130479,-0.024619383229233516,0.02093721767309847,[0.5]
1.613580032563167,0.4686575746994466,0.1316322584792328,0.024227512602260415,0.3254741478052538,-0.2056582497831168,0.039439104876223124,[0.1]
1.3276558276857262,0.4192956605143495,0.18707269287245246,0.019595380416948315,0.32889541459981914,-0.2489069498747744,0.04891829570660949,[0.1]
1.4562075751833787,0.45464526674127625,0.1689329913721776,0.028847141965889764,0.3672402621244292,-0.3001058528520206,0.04713793467412336,[0.1]
1.317274628211083,0.3030066273050673,0.10751737922748866,0.025468709999259622,0.3362162182255538,-0.1995550965479747,0.03437682361716772,[0.1]
1.6877402320777963,0.39108065668673037,0.10894924080093239,0.034858260933133725,0.26397459682825125,-0.33137648617958315,0.018790368666935738,[0.1]
1.382362237735781,0.31784571663298977,0.12175565781721309,0.024443922452785816,0.30859707286640237,-0.42037529438894716,0.03770354821421311,[0.5]
1.5330993999179352,0.43751876831074926,0.14243347024313352,0.03328588309708262,0.44466241537766915,-0.31791566803693927,0.03928252381574153,[0.1]
1.6973946738089243,0.46725067364276485,0.154001860098276,0.03471992007900342,0.3294471601569843,-0.31971629865365153,0.0488526459795943,[0.5]
1.560708499931775,0.34724545030636855,0.16032394606583433,0.03122672020515979,0.37799119520137053,-0.3257191341196207,0.01406950523826429,[0.5]
1.4455192533014918,0.3506730185504965,0.1056684311370166,0.01898289645449002,0.44205727949013784,-0.21411590274023534,0.04708509630428203,[0.1]
1.4154541299403933,0.4412871749259938,0.16234252041499553,0.028638196748164292,0.3626559008981116,-0.06897407765007274,0.024091134393156605,[0.5]
1.6566886838495885,0.49392930711963295,0.14099705236148916,0.028834564002182546,0.2602822388026448,-0.12325965721933246,0.02539507454792522,[0.1]
1.3209794226622877,0.4954949354620125,0.10428627301135276,0.025363381290489824,0.42182858606191437,-0.017929165546334502,0.013974450616586604,[0.5]
1.6724839811220722,0.4143004798145058,0.1323834964490178,0.019312168674218817,0.439663566429342,-0.2608701698949354,0.046155540858500245,[0.5]
1.6530658574641421,0.4774034203098529,0.14848598521337025,0.017639124991667716,0.2511595358662076,-0.4928727391185743,0.03904230948873809,[0.5]
1.6571695589443685,0.3796489071924829,0.13345652161214566,0.016797036859587226,0.33723649536732747,-0.21555879663071748,0.02134167594568312,[0.1]
1.3528585849181998,0.35331126057243034,0.12620570667609526,0.017106523337474994,0.4493728266348539,-0.26824066162345517,0.04128662001532939,[0.5]
1.4988868717512955,0.44380023036486177,0.16717326061644855,0.0270763415375386,0.400670404503244,-0.4700531514619866,0.0482883328185619,[0.1]
1.3633713174282927,0.3375944676798417,0.10798069034218276,0.02268608291744724,0.43567817489969674,-0.09307064955177041,0.03523239391075775,[0.1]
1.438400449118372,0.3839472965905861,0.1103206962731026,0.023958870921706354,0.3135057080788355,-0.02646215475162461,0.016816097530565812,[0.5]
1.504912240715992,0.4076860786797905,0.11144950851241818,0.02950374809195218,0.39444403724156624,-0.10772081032938374,0.011213240755640804,[0.5]
1.4722648691653275,0.34436399981351073,0.16904466707378168,0.027513525894486322,0.3868472542817872,-0.03592228995073149,0.046173606547952585,[0.5]
1.3066050046305806,0.4488128473175825,0.13975693061517752,0.02835420941102884,0.3588414634651785,-0.027979663596791826,0.02489691183847092,[0.1]
1.3409676009914437,0.37667839374804535,0.18712252777697724,0.025611486688710217,0.28669766623026194,-0.21756021770552347,0.028179491030280734,[0.1]
1.3743660233727362,0.43721849971272164,0.1322861590101408,0.01907091813940059,0.3930845123498378,-0.49198973297088605,0.023052799406582433,[0.5]
1.5201440908113817,0.31832741351221616,0.15710309369240666,0.023561087378611643,0.25334406146739324,-0.22302821281276802,0.0191913018475587,[0.1]
1.5960557689776471,0.4843286940450576,0.10461034051071331,0.0327899663711827,0.41278791206242654,-0.3409375962024406,0.03951112075629212,[0.1]
1.6707863674510033,0.42579548921199417,0.1459658152534908,0.023549078561429425,0.2538359369482987,-0.20947790320239745,0.038277982588526376,[0.1]
1.3185585669177098,0.4864975348083104,0.11765409556370579,0.025322617223023362,0.3980394945935312,-0.3332263315873285,0.047471235189078025,[0.5]
1.4046604665282316,0.4642444121874859,0.195491911465122,0.026804271246057054,0.40816222287782045,-0.019952109326937806,0.016515070933649772,[0.1]
1.589072522977777,0.42420047476569167,0.15146408116689924,0.02764512053389692,0.3121311403339213,-0.4327295248024072,0.04317434030602125,[0.1]
1.6307098293394253,0.3959666214698516,0.12030563226259289,0.029207962151672744,0.2503094480987223,-0.19521382164322781,0.048323588486345895,[0.5]
1.3919114422261432,0.4490578776934586,0.14936442866423635,0.017428509867806207,0.2805546433441186,-0.026963938749132887,0.04768699551386084,[0.5]
1.5663831430158082,0.4525958264753391,0.11459289096188761,0.01707311539176027,0.376934990149231,-0.1599255170510151,0.02144630986283961,[0.5]
1.5570068031171445,0.45788821676470337,0.15985636172165338,0.03227261153181975,0.2985830143137547,-0.34140075524789865,0.032016794732044995,[0.1]
1.5645884664399001,0.34636775582308477,0.14361712424900955,0.025806479183038834,0.27151071758004347,-0.35617732147177406,0.03023712647956421,[0.1]
1.6761506124042043,0.3744470010763911,0.14941374724404083,0.01815297137926146,0.30951877359990676,-0.48045767334230977,0.04759567919644617,[0.5]
1.3373424265103933,0.4985720575557291,0.18226641981506259,0.03239471860268475,0.3690106171418677,-0.0865005752318126,0.021951958054941212,[0.1]
1.402682871053958,0.3967591708803765,0.1348181561353161,0.01646447572561233,0.3311217193537292,-0.49571837599963514,0.03806697333037584,[0.5]
1.3551358098663477,0.3052968038045972,0.1673662225797317,0.029199144804242995,0.35642148338825397,-0.1371804391937615,0.03117894372725592,[0.1]
1.4887286361590488,0.3860971973144104,0.18255342173929917,0.031925178268615156,0.446040881749917,-0.005821717509036373,0.04007681108332783,[0.5]
1.6831287462615012,0.4367896592386089,0.10102789622006149,0.030413387631579476,0.26969662946390244,-0.2797456241105419,0.024502638365337157,[0.5]
1.676585243984586,0.3421723769994517,0.1430909295079453,0.01817037934806487,0.317977537069281,-0.4308013630220173,0.022859833744936782,[0.5]
1.386140222080743,0.33601833570288525,0.18623401432076217,0.018203600303567196,0.43608774703371267,-0.4122384216599252,0.020607845717025598,[0.5]
1.6165823639318642,0.32002097407144203,0.12474726590778956,0.02222577427358307,0.28974046356238825,-0.47690925215757163,0.03787748026488765,[0.5]
1.4240611101059395,0.35116604603903034,0.1282840175956902,0.023039992722314807,0.40772283972115275,-0.38266588043591354,0.043763929247223755,[0.5]
1.3389349681769682,0.38647412701822154,0.19971205223300315,0.019666817436658997,0.3951709049155012,-0.2940957346180707,0.019507056990748388,[0.5]
1.6352446185900558,0.36585203765244795,0.11742178396945441,0.020538109723330977,0.33427802511613214,-0.38379514557111416,0.0423484987350642,[0.1]
1.6335940295175237,0.40193365773112716,0.14502224068422692,0.01757354150306413,0.4381844075247002,-0.23232577578735425,0.025503223763610305,[0.5]
1.4487517376220258,0.3328107965085303,0.11863054688069505,0.027161322804670388,0.28941291777082767,-0.23163061543392882,0.04575679973141061,[0.1]
1.5601471905400603,0.49974216637253643,0.1627628227097287,0.022750220457709074,0.35667757348846063,-0.34353572489042156,0.04031066278290175,[0.1]
1.3252489415113218,0.4227068372428635,0.10642485679337502,0.030025780736878182,0.3425617006684548,-0.07879043510797729,0.03071463806001758,[0.1]
1.5881078065904366,0.46913814641848894,0.17862757942462065,0.01985535015693041,0.4022318416998898,-0.30634098701949675,0.040449238806227084,[0.1]
1.6029779262639816,0.44814844849060415,0.10155344886920431,0.02071950726585549,0.31811091274356823,-0.21720060558719023,0.03451807624317703,[0.5]
1.517743246545908,0.4377890275880985,0.1383609368387203,0.01867378682853434,0.4251980362196536,-0.3300371947877043,0.03356691783749938,[0.5]
1.4118930776127243,0.3188568084074046,0.10978603444411728,0.024165414739501845,0.29017552682330194,-0.03379638546450037,0.01784009158186712,[0.1]
1.5455676277733523,0.4576811944716037,0.11955239206504567,0.01639897093692248,0.4222591106546738,-0.3947528570778349,0.0352949455245462,[0.1]
1.5535227771452351,0.3712573612943515,0.1787073567792682,0.03251287956732768,0.3972031999393702,-0.18710952815787052,0.015232478521310704,[0.1]
1.344297006247339,0.4618091412409236,0.1041952844755966,0.025968638853284556,0.38723950940205326,-0.18137056982043354,0.023121610233972044,[0.5]
1.6697535833321306,0.43137396817632145,0.15338545031988526,0.023905197566298993,0.26306091364347534,-0.14788750906838577,0.027725078147070786,[0.1]
1.3473139014310058,0.31743773003522535,0.1438756994488398,0.01613021370151538,0.36253602445611066,-0.4475491486229917,0.028045587525567864,[0.5]
1.6399957107584204,0.426119886347831,0.13211821042933988,0.0206408279765663,0.4121509601916407,-0.12697597816749906,0.011101298262696,[0.5]
1.5311941313042254,0.4757807941109131,0.10524486826838746,0.027100132368469684,0.4462338553818826,-0.3144830562183921,0.03764278389413975,[0.1]
1.4096746546783347,0.31127708218357397,0.17833069337459284,0.01624108059746721,0.2670705597633046,-0.009543008524504237,0.018898721050217268,[0.1]
1.599154775621311,0.4661844072466387,0.18971509638483586,0.03043821315383094,0.44516922455950014,-0.1237583778604382,0.014417382868795597,[0.5]
1.562110094272952,0.38058511280613794,0.11814388258354455,0.03128624571631569,0.4282021380846633,-0.27689889466449713,0.04816400882225841,[0.5]
1.476591250160263,0.44338908056634224,0.18551998600587277,0.016228136896732772,0.35526044081198194,-0.13449878856975717,0.04900732509410454,[0.1]
1.3171646932608922,0.42973214489211753,0.16883234336959374,0.018079213172683715,0.38963984297544063,-0.3972994767705769,0.02576678137942926,[0.5]
1.6610705069839902,0.47797640724889373,0.1957842995227182,0.02841417705853141,0.3795345981843887,-0.38120708186884095,0.034301492692648664,[0.1]
1.6688335758723831,0.3117815604198221,0.12458272880691477,0.01770900355081023,0.3605440422786829,-0.37216753505043354,0.037560095002464926,[0.5]
1.530765341843597,0.33566763117191184,0.19560460979445626,0.025776074361104576,0.4474843863795477,-0.11372600746750322,0.04191315714454498,[0.1]
1.6632553898161522,0.3726272868573287,0.158849813588558,0.026354299419910132,0.4343239918836632,-0.10071500980807951,0.01609761458519657,[0.5]
1.4997988757119254,0.34302982376347485,0.1869418512540743,0.01880161714804221,0.33342688967425915,-0.030614030980584683,0.0396704423095812,[0.5]
1.6213064141499642,0.49594524620757685,0.18030761141735385,0.015991921291472207,0.44332709282083177,-0.48540794845232815,0.021435023870733164,[0.5]
1.3504244036736623,0.4470235234716791,0.19155094945993612,0.02396231091769168,0.4027105040095824,-0.27507146966273294,0.014765413801401818,[0.5]
1.5007216948353248,0.40814927120130484,0.10054056638672108,0.03409408288772384,0.34756441452680875,-0.07065041367541797,0.019236431333422375,[0.1]
1.6985137197570679,0.4603490050267086,0.14221886745677292,0.03308173774133136,0.41861783555400245,-0.2783322417476253,0.011502165214749359,[0.5]
1.6472083882356285,0.4478391101153981,0.15477510699484828,0.016823999999252024,0.38118845241641724,-0.32899292071897956,0.010515080445417962,[0.1]
1.449265247649223,0.3085861630048014,0.11946794043809236,0.026575588896659272,0.33835113955622753,-0.28618541442886597,0.03681604703251595,[0.1]
1.5028066443562758,0.4746204489902216,0.16105971062461524,0.023247273754388346,0.351447637045783,-0.09105353808919592,0.017095200302076063,[0.1]
1.4809233522944232,0.4017937292614488,0.12040544078720325,0.015399980424772017,0.42258085253409866,-0.4106092164136155,0.014693793798560709,[0.5]
1.6835924439572134,0.39713813798940256,0.11338015299025378,0.019706218460258655,0.26442657762078825,-0.22092163845723262,0.022554196873693727,[0.5]
1.39274814317026,0.37362874527174045,0.163311212905891,0.03270469524003189,0.4322635104413178,-0.22676338232411059,0.021003658098162917,[0.1]
1.3876629590853018,0.45431684817714624,0.1574363319534482,0.01644636793874642,0.43951585321999564,-0.2310744260779508,0.04389256577868031,[0.1]
1.466619698285347,0.33182719275943484,0.18641005246604014,0.03353571179039021,0.43170642573953677,-0.10208886088893537,0.04753689577049953,[0.5]
1.4133201998812897,0.39821779784950007,0.19895482910119267,0.022320777829488707,0.28575083447300104,-0.2989252355062779,0.014495365292675866,[0.1]
1.5979619103288107,0.36909040371791396,0.18591155251886723,0.030589672991620652,0.4429560879129564,-0.391703807962947,0.015880614520546687,[0.1]
1.4456420595569675,0.4315992529299489,0.17809588363181147,0.034608554648546376,0.42853946533117204,-0.4644077689140374,0.034093664227708216,[0.1]
1.552960813318691,0.4828383674743527,0.1394442667798963,0.01545876964255763,0.4241270071397335,-0.2652166479167246,0.04346794247207679,[0.5]
1.4341181016224707,0.330472101634364,0.1280667898523454,0.030543857606038092,0.3740853032129688,-0.3282457306636831,0.018152537572110775,[0.5]
1.3703436749253797,0.45553479422089377,0.1312354336500908,0.02492539077823882,0.30977500912728495,-0.06345983959337814,0.047281257953562285,[0.5]
1.500145919486254,0.43089109670391623,0.19070432156832132,0.02202602122953706,0.38362249081452426,-0.17985018754569626,0.042639396082374714,[0.1]
1.6081490775462153,0.3546322321530096,0.19162790002516306,0.015068437220900942,0.3729768355189907,-0.4332794462463744,0.03958623181799836,[0.5]
1.688988034743915,0.48624282664936497,0.1314139748257595,0.028479971297112196,0.39290737240002716,-0.30834213302825364,0.01318580754335065,[0.1]
1.5091971374827697,0.48216702876240014,0.1567456363903511,0.020498777081858682,0.2828659979230399,-0.34646120387819934,0.04332662739342131,[0.5]
1.6652345725434403,0.4136554518575684,0.15243020504832525,0.03141993011115532,0.2873619431999753,-0.10883739630784367,0.04480852847196299,[0.5]
1.3564879698406394,0.37554649137474333,0.1806643634950163,0.017044047744263026,0.33309330332798925,-0.43212002289120854,0.032746719394284717,[0.1]
1.5378112657505043,0.3476028989729963,0.1886628669096495,0.02817460266896663,0.2713216203401163,-0.30540528628020963,0.022116909491429596,[0.1]
1.6748416325233582,0.3809345647342608,0.10370497435271023,0.019742083736781813,0.41980517754290636,-0.47898063162548743,0.04406732339709575,[0.1]
1.580715431538799,0.46707547110852543,0.1554401646880697,0.028334414905635208,0.3520346055924707,-0.13953715921440146,0.03644316701332076,[0.5]
1.3312282175297274,0.3531857103710397,0.1804267114976802,0.026277041581333305,0.27337523302207395,-0.3936740450245477,0.010475499679076123,[0.5]
1.402358774071795,0.46458325950393664,0.11790702419490579,0.026721092418041117,0.25935380459772467,-0.10382671810857869,0.01927694439487649,[0.1]
1.534955429925474,0.3138400333541508,0.10481105037754782,0.02035830743418239,0.32649286908904285,-0.039904461292498916,0.0318696926586722,[0.1]
1.4860103267194325,0.46526061015118947,0.12858387369780888,0.03331593373272071,0.33328069964397083,-0.07539150602643585,0.04168186915844368,[0.1]
1.400301685086702,0.4251496420154516,0.18800107949123862,0.021741998936413764,0.4162881651815446,-0.2077467787582164,0.021552274713429347,[0.1]
1.5933130574352106,0.42935563863563864,0.1258651451501,0.033633254868185636,0.2785884453969185,-0.025329373391673904,0.019631180130085003,[0.1]
1.3500047963168609,0.3133906379572141,0.19961907589149677,0.015154216104902292,0.4092973475627839,-0.23985669015598365,0.017012248759468537,[0.1]
1.565902984471692,0.36479283865763024,0.15391632902320432,0.0295523165475452,0.44302679928789,-0.27034595617706886,0.024746461967881887,[0.1]
1.4978314511443367,0.4116765927130941,0.15024454971151927,0.01722459223832219,0.2878413165597363,-0.4211601374170939,0.017549032629793543,[0.5]
1.6943160235535115,0.33510094148587743,0.15464510928776273,0.018475783109661435,0.30648226032895887,-0.4813206765667229,0.033075450809924134,[0.5]
1.6066122556191165,0.33632767940614267,0.15154418926140997,0.01937769180427925,0.3649002739725053,-0.16705348620012822,0.01171598940280591,[0.1]
1.5301648395870797,0.32885192225917276,0.14268506670679798,0.026438849035840276,0.423507713923948,-0.40115493302997063,0.01243663820160517,[0.5]
1.4845635571428004,0.32218448954006784,0.1589057556842233,0.019979782138464387,0.31612661877954923,-0.1987041436892611,0.031232202910567584,[0.5]
1.538419185753406,0.36453432162995864,0.16229202562623457,0.0333940475590741,0.3963739780143895,-0.056424078174089676,0.042428541670803066,[0.1]
1.696297705986963,0.3609924381637334,0.1071478477664843,0.024424822484326897,0.31163140598559463,-0.4206500061279915,0.045437072484120024,[0.5]
1.6826071197527344,0.33002070059684296,0.15321715764539123,0.021096333881474,0.26949046814093897,-0.14677933550426137,0.014464659163183098,[0.5]
1.4192273683560588,0.3395786120969731,0.11730609450419867,0.0214892599386365,0.28525523458080954,-0.47517557152464934,0.045718050757651445,[0.5]
1.3195259656566773,0.31810289916985995,0.17955164578119148,0.027367682763868036,0.39709153279406684,-0.4069489584466119,0.020167042682978652,[0.5]
1.3005461414904127,0.36720632774579925,0.15110076865453598,0.023139960584358223,0.42609984585418953,-0.36708898586708083,0.029963059830533476,[0.1]
1.5524672022050787,0.47812110961327947,0.10089303277973011,0.017491196610631955,0.4036666081515791,-0.2758125402176942,0.030859852875563136,[0.5]
1.326403996458497,0.4806649126257801,0.16293222226466017,0.028576779273762315,0.40462567549597384,-0.3386134691044195,0.01137931304251434,[0.1]
1.551748529111392,0.4782654469597949,0.17031108515838253,0.0232859239342783,0.30323301169341754,-0.3901614742513508,0.0391625160691428,[0.1]
1.4451914524876446,0.4128529478874423,0.19121969312334092,0.0314430082310139,0.3529612276259476,-0.08895164030155406,0.04453456352870099,[0.5]
1.362422246493854,0.30493030759999595,0.1651812969992212,0.03357218587999107,0.39905264456674755,-0.25728631013007086,0.034847205953724834,[0.5]
1.4352490664026716,0.34075291705091293,0.17905621727265514,0.02658949232644125,0.44897737687350237,-0.3913495530955812,0.04465324967801402,[0.1]
1.4654103050618241,0.4118068683812549,0.1328315514613284,0.02418743543294956,0.3479195344917721,-0.3762530049154271,0.037443020701446006,[0.1]
1.4820768958958763,0.4092676485173278,0.18789318242492986,0.032756635682328145,0.40838886670599606,-0.42560865313004476,0.021237749741558228,[0.5]
1.506020845436694,0.3041541400338684,0.19778832320240797,0.03299146002392495,0.41930201875401185,-0.24689242531298872,0.03074401721609744,[0.5]
1.6280160631316787,0.47772389291114936,0.1600051060256214,0.026391959450243963,0.3548481477537433,-0.259851858459908,0.026589062408230123,[0.5]
1.4954841235900853,0.3149776456170984,0.12534127758208038,0.021439650879841652,0.3858599326178036,-0.37578111798645736,0.015421439332052766,[0.1]
1.659673309578945,0.49139778695465003,0.12349465499349699,0.020807613076585473,0.2704534547531846,-0.41783739014423504,0.012195194424133757,[0.1]
1.5544668796625463,0.3826735780387399,0.16382330160834,0.0320118411468709,0.31776386360694914,-0.11038783318472134,0.027436001506130552,[0.5]
1.483289295494254,0.4045959592848274,0.1789830744772115,0.028907082519342084,0.2504961142330945,-0.14835879193022627,0.04906760071457453,[0.5]
1.618115894788563,0.3104918734562038,0.17568186237825473,0.03171297594852619,0.39135990609152016,-0.0013071516647681913,0.04916713765658856,[0.5]
1.3220303177276884,0.36248124820235905,0.10031856523291911,0.015547073415582879,0.4307452416972224,-0.4694644250310542,0.027563264413742312,[0.5]
1.4264965582301194,0.33144020839473576,0.13574183887948912,0.029849896830781313,0.3557193612196179,-0.4727759722659153,0.042667718625464764,[0.5]
1.6301644172344658,0.36539126915333703,0.13724915094776863,0.028923246036664366,0.2763941251391161,-0.27641754036101107,0.012001560242109703,[0.1]
1.3079709135433002,0.3517939484694766,0.10164181440329013,0.02127189281684675,0.31146528834604903,-0.34509161067894734,0.015332025423018876,[0.1]
1.4528202726299364,0.46986205810973203,0.14174151270987523,0.02332935581772633,0.42331709144852603,-0.04005493938084864,0.04924787865560956,[0.5]
1.3323179503695948,0.3617922311559664,0.19888941771572208,0.028499704365003046,0.35020692923387,-0.10829387708329169,0.02138337529872259,[0.5]
1.5964718419887274,0.3913070024963877,0.19830693416293388,0.016906946262099397,0.4419571886163336,-0.3009418306938352,0.03037042587681086,[0.5]
1.6101550495629533,0.44409476086142463,0.11618290007584799,0.02084980264069264,0.2672220871518467,-0.26690915695258755,0.021644738010395726,[0.1]
1.519600945957548,0.4844483186573959,0.13470181261802183,0.028697203618335245,0.31671003998256003,-0.25756369919472233,0.012822254533918654,[0.5]
1.4167920496095974,0.3780993087240464,0.19505856303524394,0.02346440652930667,0.4477602492532743,-0.3500656082439561,0.04627492163673511,[0.1]
1.6091286099856414,0.35614417365827333,0.11753165105311057,0.027250255169176105,0.365745897625931,-0.14975711436734823,0.01587400801979981,[0.5]
1.5292746098474652,0.4610233068129538,0.1777050828002505,0.021592568460099094,0.43534651011098047,-0.13851800680390852,0.012495123683970948,[0.1]
1.3943824443074693,0.3014926343364456,0.1091828763021606,0.022796820615137936,0.35319023262695426,-0.2084547700078902,0.023578164474904312,[0.5]
1.5839411231709795,0.4930124294739184,0.13589243974323367,0.02522764945548437,0.32319401578702917,-0.48069083890017283,0.029602303948152105,[0.1]
1.5190221783976119,0.36058583154968227,0.15949283124617378,0.026168524548972415,0.34620920300011315,-0.49493357902474644,0.023973981125102142,[0.5]
1.5086273021521346,0.40700845092025684,0.11504758977362091,0.03035873026278389,0.35690708464149856,-0.31898340657557117,0.023743329494452212,[0.5]
1.5798444495351576,0.41396767662569095,0.17597454950747748,0.015415205713149239,0.42108349717181115,-0.11257970233039138,0.04202566346189674,[0.5]
1.461953777534681,0.46246949976157553,0.16047735557913703,0.01501189405668186,0.38878442528246776,-0.392377359281338,0.044206023967908646,[0.1]
1.4574685335822486,0.35629178993935773,0.17886863686002316,0.034820411430822894,0.3975145611224835,-0.1544091899152465,0.017196406166969408,[0.5]
1.6412459519868596,0.34246188029969626,0.12435180114795012,0.021826409349488932,0.27783284659072,-0.27756662056346926,0.024253007283012256,[0.5]
1.6293465712990303,0.35754793813771946,0.1508085218527508,0.03132981275605668,0.37208520932529965,-0.40879956336354395,0.01227175993390022,[0.1]
1.412548544963303,0.44735999552176076,0.18768516856575762,0.03316865367281755,0.32360677806282545,-0.37343875625109957,0.047899811639312756,[0.1]
1.5403101991134287,0.4927539818527753,0.13994308219691345,0.021462569502566246,0.35781051223179244,-0.41343565284337547,0.023951203024114825,[0.1]
1.3031166410463841,0.45727671878764553,0.12052132097473801,0.01661439969308567,0.3466580614329265,-0.12525830222452283,0.0267338313861995,[0.5]
1.330238504080803,0.3778751682211847,0.16113693966727755,0.023316647784308246,0.4147307555361076,-0.029541433906009218,0.012569721359863962,[0.5]
1.371447818485629,0.3371938409755594,0.17104461342183785,0.029149161280773363,0.28070826276693667,-0.3344139216823696,0.03095945758227287,[0.1]
1.5900105359839205,0.4023701195489858,0.12091293626596109,0.021327704662135787,0.2598179235494808,-0.45437355190911,0.028653416699182744,[0.1]
1.5214873837050176,0.33250043761120224,0.19375107263398525,0.019796820376140303,0.3761541493201048,-0.46300802555851034,0.044364660239690844,[0.1]
1.6271626600596572,0.4004603858158178,0.18021349392603547,0.022646062171792047,0.3956574492420547,-0.1166868586559861,0.03800864962396023,[0.1]
1.3654560651959018,0.31241560400357676,0.14425428830663842,0.034466546341383915,0.34111976443799286,-0.2802868174394265,0.04375655493596197,[0.1]
1.4788948561830106,0.4112322271546007,0.14456591249376324,0.022058902411042264,0.2609662450012594,-0.04114149798759953,0.018380206188233824,[0.5]
1.3362518100142153,0.36359657424472475,0.16685858724774447,0.032646070849001375,0.43251020829176956,-0.03909700990086662,0.022002786432688295,[0.1]
1.4292526523947762,0.33536187801770334,0.185684912576844,0.034450244084592394,0.43586792744487163,-0.13022648858521768,0.043379672934532085,[0.1]
1.5038066698463344,0.3816086361358033,0.1081848695299169,0.033192172489310806,0.3687744477391094,-0.43759877858417684,0.04193519750551493,[0.1]
1.6190581192775901,0.4718290496799394,0.18666198858801755,0.01516581370388971,0.3555778087790524,-0.4352758481547109,0.02587845387409379,[0.5]
1.6070782999964839,0.41759019742214776,0.14771276130506328,0.02604357327360703,0.3074136318348308,-0.12961236454727965,0.04062215365279219,[0.1]
1.4122895033316183,0.4702705344879122,0.19186547702586718,0.031152461412878377,0.3966649167524589,-0.028469670728522523,0.01260760099428514,[0.1]
1.6855723578219097,0.31660621313245724,0.10776597922095969,0.01712561273101205,0.4059885157042432,-0.4820058919908718,0.016054335928548123,[0.5]
1.4282269379501757,0.4008725341873435,0.12782970841469854,0.03052300839101606,0.3695818092225439,-0.06576726690843393,0.04718230719474722,[0.1]
1.5670517384900777,0.400316916459581,0.1714827993124276,0.03418272526813231,0.28814224031161445,-0.4181998611508193,0.0316566068812426,[0.1]
1.4238037691320404,0.4177114778089176,0.14296333806105804,0.034889916781581376,0.39615333142756415,-0.34451012968804784,0.020723393241528568,[0.1]
1.5970398131866292,0.36569229620020516,0.17726641417097358,0.031051440869356135,0.3739215473829846,-0.0517265410360212,0.018689255070011804,[0.1]
1.3280521347139074,0.4274651748579636,0.13294839920513882,0.025133346090043043,0.42578452226670593,-0.28465644058938105,0.018575126880483205,[0.5]
1.6647474251583168,0.3714858334260931,0.12417076808186588,0.0201746277331293,0.35413822839785364,-0.11984350528164017,0.04509343884448568,[0.5]
1.5287168475393647,0.3432802539864833,0.12369129866674626,0.016924750933438513,0.397651461593976,-0.07458959252329855,0.026240545481547927,[0.1]
1.501953322693793,0.4072217979111412,0.16267103962983348,0.019610525235825554,0.3419721615565,-0.12072349276481098,0.02512720852911657,[0.1]
1.311170290283611,0.3629360220715987,0.19664564287112804,0.029931070414026376,0.3499033909289311,-0.3119967284506271,0.010340226557747483,[0.1]
1.680376657830305,0.33802266624418065,0.18475836167905846,0.031262819509838016,0.36401602406426037,-0.1352702770079654,0.04691588932838244,[0.5]
1.3339714387693005,0.4168364085767838,0.1538020761380436,0.03076640752136255,0.3355237035873506,-0.2453715464725303,0.049440122316831356,[0.5]
1.5395615979805175,0.36808160888058206,0.15841438911339545,0.03150616047725725,0.3356413066090937,-0.06923539387147254,0.02336901286095639,[0.1]
1.3319297771517236,0.405233606724107,0.1107654713934269,0.02926650629723644,0.30351419306239386,-0.20996020177493407,0.01822499123416979,[0.5]
1.6250472306935537,0.432563688537739,0.17811306926089748,0.032111459715742474,0.2764997904393354,-0.15390997245146038,0.037724285728174024,[0.5]
1.6113679118064153,0.44447096336737046,0.11891804657662917,0.03109305753522371,0.3614315524437817,-0.26999557746432845,0.04010444700248458,[0.5]
1.6552705755700763,0.47010614395371264,0.1543205292771973,0.019238899943243404,0.2893800125289128,-0.261518207751112,0.017605618774936813,[0.1]
1.6953064681141548,0.32514083400726584,0.14491435736902497,0.020873872008843095,0.26126221687917517,-0.22845351748407972,0.041383341260109674,[0.1]
1.642920949134598,0.4055791421212794,0.19255880320954025,0.02040396688795133,0.4216094163043615,-0.4101206211515119,0.013069284558846954,[0.1]
1.441322911027651,0.31628559648522764,0.1578265592659149,0.03149945425403329,0.3434671136885864,-0.2933499442953825,0.04284323698133396,[0.5]
1.5289509888424704,0.3470103814110901,0.19583781714424922,0.02315530694767383,0.3031182366009505,-0.025872908476666623,0.04932501401754189,[0.5]
1.686552708555468,0.4356067255272913,0.17163458582747074,0.029430802873179226,0.43157906054112827,-0.08437999077938552,0.025083743670325356,[0.5]
1.4642705353901349,0.3455749640524063,0.1469566808147313,0.0219604746539585,0.39328071719141555,-0.48322171029245525,0.028519864756377574,[0.1]
1.5490805823631069,0.3323567164012773,0.12636586702481148,0.03212414246806375,0.42468064916422227,-0.3481570798280661,0.016206538226318012,[0.1]
1.3017371123634238,0.351922060347538,0.10321745798365617,0.033869679238699275,0.3745188077137473,-0.3856692740340516,0.022053141152823447,[0.5]
1.576015130388329,0.3275406346754357,0.1361396700468002,0.017655747165490038,0.3866221890980268,-0.28896856349512867,0.02733557287930961,[0.1]
1.3291680205103094,0.3904637234626393,0.13442373358166237,0.015661934507915205,0.37483012196729787,-0.0023124877249048326,0.0424737845792029,[0.5]
1.4787069774060186,0.3942693239138938,0.15769424250169067,0.03377423509920676,0.2962983406765565,-0.11140658557703498,0.028959203375547443,[0.5]
1.3620884683920202,0.4505771717334568,0.12778433729471458,0.01718431884172856,0.25015636793821144,-0.18628214329965692,0.037506658229994154,[0.5]
1.333250037724427,0.3619385353355053,0.16555759867630498,0.016484537813350523,0.29643490207464535,-0.21906655434465921,0.041147908815789815,[0.5]
1.5497414096096604,0.4397591770273397,0.19871190461076207,0.022849204488408804,0.2868703112826697,-0.4077877765782312,0.03491394050027506,[0.1]
1.6370246009394966,0.3925463247365916,0.19280941589504136,0.028143372703414826,0.3816052916665947,-0.29812061784606847,0.02730471163516534,[0.1]
1.4170597973619212,0.3844798095359334,0.11900830546558167,0.033221664244957545,0.3301476050156825,-0.09553448193086467,0.03985257189358375,[0.5]
1.345121461094847,0.4097159786334952,0.12395484424325738,0.02270714920461234,0.28082338344431407,-0.3124399441730916,0.01411549903943455,[0.1]
1.4993954445797335,0.45365435612860094,0.16968958713489585,0.01883516611218049,0.3771361044981131,-0.2631468489444881,0.026933464660428355,[0.1]
1.5702220460354699,0.4149570434696387,0.18230447207956935,0.015932795677547233,0.2652286389270745,-0.003577339994360662,0.031417030072219215,[0.5]
1.6544893563209955,0.41266170969136867,0.19599823510512338,0.017760457839216953,0.3616880140131809,-0.10347181512746978,0.03796392034137313,[0.5]
1.425290887646478,0.4354412080827275,0.13108454436427264,0.032733415261212706,0.4326522814124337,-0.22980143363643696,0.039039089306057255,[0.5]
1.323199991065384,0.3667753195012908,0.17075398172483497,0.029097271895506607,0.3561172041019477,-0.041860432579736206,0.012073370930000887,[0.1]
1.334747997008557,0.381248388353046,0.17991546321429053,0.02344991290473468,0.28883511878480234,-0.16644832025798867,0.03762667040985877,[0.1]
1.3641669799150489,0.32835161259107104,0.11088036612484248,0.023220720889363333,0.2811861132563871,-0.4127109292656681,0.029527968174377056,[0.1]
1.4073782705794906,0.35282114114157304,0.10594727726229634,0.03389402368881906,0.3492172988160347,-0.22376884749646808,0.04042844111768748,[0.5]
1.4951552985290986,0.30592286677396685,0.1325827750351685,0.03190978688394357,0.437126066725135,-0.15515957602707686,0.04507895237177902,[0.5]
1.4610910642883572,0.3872988623696549,0.13602715912865712,0.015341116072943903,0.31069617290533535,-0.07417614211746609,0.011746731309035856,[0.1]
1.429732782149733,0.43410287147845605,0.1593947060319695,0.01822912669939198,0.2666019110396587,-0.388564428606308,0.03401961743918293,[0.1]
1.409132591691835,0.41059597900368705,0.19487691820591577,0.032573429702491774,0.4355823573473588,-0.3356734036173496,0.037788698212771296,[0.5]
1.4095506533986102,0.3045082212409766,0.12981108511149816,0.03159385725685294,0.39381117224366397,-0.4904126677143559,0.02696868687885836,[0.5]
1.6572464672538219,0.30219937008615505,0.11646149079230736,0.020022942151755246,0.3570027948846569,-0.3713902910288589,0.019941979328186223,[0.5]
1.4679109938291202,0.3079952330225013,0.11364934942266458,0.03403741169066628,0.2674475314238003,-0.12845360159090352,0.014920263518258842,[0.5]
1.4347436453956255,0.49024631344470276,0.1661186056672259,0.0337542739233577,0.4415341021045582,-0.2823595760629726,0.024169515966986545,[0.5]
1.690757175998774,0.44486172942497487,0.17087050419186928,0.015483801283633653,0.3849913947775082,-0.0546379433908748,0.021731064077945377,[0.1]
1.4375349297857445,0.4043142405459177,0.1676838937107319,0.030630499607538657,0.27269039155281793,-0.29002037492961563,0.03955171832097996,[0.1]
1.4431423805969197,0.4841819103058893,0.1531432163169964,0.022346984406233058,0.3469834064492741,-0.1788628938873687,0.016636764795622355,[0.5]
1.5281419559061176,0.4364011510716889,0.17533202341994944,0.018277787769323282,0.4209085849691347,-0.17512562744167193,0.012948831310085286,[0.1]
1.5918042555354348,0.49946158589115186,0.1286455166103776,0.029415903868162674,0.3250678154025068,-0.23393428790953857,0.017355861509921647,[0.1]
1.673281715429709,0.33666320732367616,0.18733603094716111,0.02190972013075841,0.2820777100075852,-0.25917257302675284,0.022880683109826203,[0.1]
1.691395011734742,0.4540435801316369,0.16489441773421498,0.02960026799986877,0.3099714691580482,-0.21132963655431564,0.01903443579317008,[0.1]
1.634976068318301,0.32616950901658276,0.14194374149593134,0.019033810041496985,0.32480577157308965,-0.37453771939954184,0.019564891370094414,[0.1]
1.529983634111964,0.3896313321930294,0.13828981357636744,0.02209954462109843,0.34468345614130574,-0.1228671262496861,0.03252643824713719,[0.5]
1.563427872482158,0.42587703964329104,0.16936350565048902,0.021521207158530987,0.30248483043676333,-0.4061550399099466,0.024573173028298655,[0.5]
1.6668090187260354,0.3259233542249947,0.16201439858874808,0.026648174174760994,0.44649925425774306,-0.15479338231302503,0.035002773011353475,[0.5]
1.614030770642179,0.36206744705983257,0.1446084527329142,0.03181786773053373,0.29918338856512705,-0.18473356238958405,0.014750310483183631,[0.1]
1.495839677397218,0.31075884327898046,0.1211144498493365,0.024769374971672916,0.3507203862555972,-0.2432469460153373,0.013279726759848658,[0.1]
1.5972230773374136,0.4201538408979111,0.1384969046232829,0.021366662465918757,0.29103529662374344,-0.1602131538676918,0.017452042576757303,[0.5]
1.5186897617115434,0.3536583821528402,0.10499511037299794,0.03360350043121392,0.3224672555957083,-0.16859737594728558,0.023026706063130377,[0.1]
1.3095947450905916,0.42111460664390266,0.17151074191809124,0.03221160319069902,0.4113008954459135,-0.059822462921024167,0.028456634700880785,[0.5]
1.4873637136473292,0.4973417903749706,0.19699662810960783,0.024139422350622095,0.38072450260539437,-0.19641779167822088,0.029918934980791068,[0.5]
1.6262745245274097,0.37215441620364115,0.17684814697449047,0.032318472242903795,0.298772606675834,-0.39086400265754967,0.048976117670082225,[0.5]
1.689364068286756,0.3355378970647481,0.15583959008339238,0.02112845432959426,0.3920679561576137,-0.06502597191905746,0.034411963877612424,[0.5]
1.628829317925878,0.34143139036740494,0.12955088821134234,0.01546731343130396,0.27730653946289896,-0.4943032132770306,0.012347861448586798,[0.1]
1.5675880430765683,0.4884883541115813,0.13325276707545536,0.025575278831594744,0.4140342641396967,-0.33091082090312596,0.04110061717889512,[0.5]
1.3090148670253752,0.37850272532041407,0.14923011573369732,0.0212068006877369,0.295138198366658,-0.2379700364601502,0.04396380832497779,[0.1]
1.5079385573810595,0.3902620162714765,0.1505505709575429,0.025217242148010625,0.3505218310065832,-0.10970044982544258,0.0444568729795803,[0.1]
1.6870566333449695,0.4962665408821156,0.11283358832744736,0.0238092859694932,0.3526812434589069,-0.2855801115524515,0.026860972251933405,[0.1]
1.6257739023548685,0.36829408374729444,0.1784997239839916,0.021169737671631498,0.2865028198899983,-0.2876275410576491,0.030902699236996595,[0.5]
1.6376508977162203,0.40462451685931844,0.19550801481015012,0.02670426226752977,0.3758262824002453,-0.12481591218830113,0.030090370148289587,[0.1]
1.4285444945730297,0.35358724824815724,0.10174288680177763,0.03495325478899727,0.4347846963071367,-0.14222099792060855,0.031328353305886916,[0.1]
1.3835512042145572,0.47238649866251314,0.10536121440626753,0.018692256226974447,0.3062293259004947,-0.4587937173265477,0.022928417911273265,[0.5]
1.4499791480973814,0.38940949988501017,0.1550978753775938,0.018086127911336722,0.40991771981857567,-0.47771153400571453,0.04764171376962486,[0.1]
1.3972758687926388,0.4183390465791763,0.1791984967412456,0.03457363814550238,0.26163702418473844,-0.49762453484915165,0.010431334639970102,[0.5]
1.5462320408110575,0.4534401468456716,0.1845848018579181,0.032050993894358795,0.4398712389358571,-0.24412547492977876,0.047743342022348687,[0.5]
1.3407001310718991,0.4456863074169476,0.1335625952792049,0.03223120368166286,0.38242247036463306,-0.2275476130108407,0.04521493617875665,[0.5]
1.6035361772743182,0.4215232460409383,0.1261837390586083,0.01919517083615166,0.33128188487137133,-0.34238586653012415,0.011291205846340276,[0.1]
1.584879539236301,0.39006077501703995,0.15798408069485817,0.03498945040330587,0.3987047573709811,-0.06979027318063552,0.013030905590513609,[0.1]
1.5942694398947066,0.4692049128969259,0.14289977922862232,0.023007243260253482,0.2912817039158128,-0.2926618038401866,0.0368604178614383,[0.5]
1.4794841693092895,0.32390400126627705,0.16158643040924445,0.01574526851454484,0.34738439737050236,-0.013578410901824045,0.03350570826185381,[0.5]
1.3297576968722267,0.3243992179131832,0.15991691741678482,0.021885633941013286,0.41252777900888293,-0.30273774273532833,0.02226775611632209,[0.1]
1.4250278562658687,0.3725889992922151,0.19382443719506043,0.031353859238787744,0.25152025827263513,-0.4884620551641995,0.04211774174644196,[0.1]
1.3488477948663065,0.30649119587753765,0.1719645959437417,0.027227831602370096,0.3290370923077011,-0.009120770522627497,0.01328036735601282,[0.5]
1.3239857289975965,0.3643121309276082,0.17965131586704244,0.01737367982409168,0.4412027015271226,-0.3153300438593936,0.016244781503834366,[0.5]
1.5541834827992869,0.38690422944719705,0.12992739293542932,0.021252069587603183,0.3092209085727965,-0.2844357358656885,0.01135450626861935,[0.5]
1.6786924934682523,0.34132786044373853,0.16532352791131988,0.03241630409421401,0.3273881877435105,-0.0002734218096868135,0.017488568231650372,[0.5]
1.4740659908583646,0.3359678504728016,0.19149354914168645,0.027768642787394167,0.31305105406433265,-0.07350074460397682,0.029587398161540827,[0.1]
1.5753829443012308,0.31924491014831974,0.13954295388766114,0.0187347834342789,0.3881506541675961,-0.4403273888960018,0.04784660454964993,[0.1]
1.5913405677930008,0.4379110018700628,0.1701369034552243,0.017900648603938415,0.28403870850596985,-0.17400405893435755,0.041818652888775155,[0.1]
1.47036576649248,0.30663517185828965,0.19985704341031707,0.033686008132606866,0.3619480459862716,-0.00297393200377416,0.012706595204109116,[0.5]
1.6642568312252402,0.4971773597096332,0.18139747862353212,0.030802400885258437,0.4338840386340187,-0.18579561993590787,0.0372343853947192,[0.1]
1.6489091133829128,0.31152286620951125,0.13625157560032097,0.029135680730317023,0.40198667193596793,-0.04875854117971751,0.03524796097891186,[0.5]
1.588742654721065,0.33842195984497425,0.13492234495752078,0.02760433253572885,0.25662103128778413,-0.4794044995914821,0.04802766804858799,[0.1]
1.3000089437602769,0.4751405525642313,0.10454228726314067,0.029904650202699116,0.35947599550070275,-0.06179036284228351,0.024463549995858133,[0.1]
1.6239136395841056,0.45615396203564407,0.1605897378802263,0.0276268842583761,0.38552540500484456,-0.1809453461244671,0.028635520491480156,[0.5]
1.302299223788768,0.4957299158848018,0.1779324684467925,0.0311747058639608,0.3602189237573201,-0.3853600689921791,0.03456059911524097,[0.1]
1.4544761122069176,0.3402228291900922,0.16836634216695295,0.015711933241318858,0.3658371746605566,-0.11523537924526717,0.02070415681126904,[0.1]
1.4518747340731655,0.39635192754574744,0.1735610303428185,0.020225948273672065,0.25244491387291823,-0.35923191420556544,0.02655281838390889,[0.5]
1.463932145617405,0.39357792957265175,0.1273141491288411,0.02965412635433147,0.3670991317746957,-0.007556897139802177,0.03328520539653183,[0.5]
1.3167468409988712,0.39913366815084217,0.12311887182205628,0.02931372651501187,0.31494279374829653,-0.10554423007049396,0.045465510387815794,[0.5]
1.5980708966269197,0.32284287036984816,0.14792456095238962,0.01857937562970348,0.2534588314969427,-0.2992116096245677,0.029350311653188747,[0.1]
1.5141401154979481,0.39223455169884436,0.1744933395859366,0.026696946871223197,0.40081717137968287,-0.1869629288513458,0.03714536526608685,[0.5]
1.4055763029138137,0.3732840129003148,0.19008740301067506,0.01591026557039488,0.33099279247415336,-0.052881381525652194,0.015784532491962627,[0.5]
1.3767680514851444,0.3336152027949484,0.15619678177178783,0.034861880688737405,0.31627010695346175,-0.3787969216791473,0.03667192233023035,[0.1]
1.3359791351517107,0.4068318520096056,0.16140112966372316,0.034532839269943764,0.42646616316424496,-0.0344301622114605,0.018617933779649036,[0.5]
1.5507011051223818,0.4186776743174315,0.19538423495996837,0.028038558250848365,0.44160200957421747,-0.40900005400340045,0.04027894843695351,[0.5]
1.4057183614555364,0.3487985153413612,0.17703564242314312,0.027722547334563995,0.25761937689497777,-0.18005243455089714,0.013590226635314506,[0.1]
1.4401664075486504,0.37083185228230053,0.10068379735718966,0.03111135361577297,0.42292419936842646,-0.4137890091926495,0.030574498244898395,[0.5]
1.656192469803092,0.4748801234911416,0.18208896954421167,0.01755744471272502,0.2914888415036825,-0.1915981358944575,0.043217541639021466,[0.1]
1.4464767305480195,0.4189745217779886,0.1980919093568884,0.018339140056476206,0.2543043538005026,-0.25407074128211415,0.013446929113314032,[0.1]
1.6858211468999502,0.3313440286995158,0.18058033495240172,0.033541167990536365,0.4237855488028671,-0.10036611820259167,0.02438981330184605,[0.5]
1.4935322706598733,0.4231238447890758,0.13413484023890754,0.034006257486108526,0.4373764122889485,-0.46370988234079685,0.011835346397864979,[0.5]
1.3331075498882001,0.3126127402098633,0.16027208743281154,0.01673617014176646,0.32580337487009403,-0.22034665927748714,0.04086272027891656,[0.1]
1.4768556485941662,0.42521400365508233,0.1098360167522953,0.018034917578262307,0.3344361721733239,-0.07191151949071789,0.01485389852045945,[0.5]
1.5690377737996577,0.4327220617477889,0.1491117645540508,0.02591305071028996,0.26400605137071864,-0.456451743284101,0.0230931932941931,[0.5]
1.3707408154126999,0.34826268582308756,0.14702432247178449,0.02047470446033773,0.305368716460482,-0.47150260188920334,0.018185373969655985,[0.1]
1.6453479226213212,0.35035982438768326,0.19342714871523198,0.027494321933845926,0.4168249931963425,-0.2628147613863717,0.01980161819268273,[0.5]
1.3435175333207563,0.37766610962399716,0.1027257362266751,0.02088696359583038,0.31854973793451147,-0.07558486773909567,0.01309115839348999,[0.5]
1.4382577355685635,0.3453167422023493,0.1168000020637835,0.030753723082232343,0.369839987259599,-0.3567869771836727,0.04381878981748767,[0.5]
1.4221206733875131,0.3208242445668342,0.152340696610863,0.020071296451418967,0.4333839539004485,-0.0555495516941899,0.019348082747587494,[0.5]
1.438889787692628,0.4575953312500256,0.16323214174146317,0.028975610768576784,0.3158529581404706,-0.14107637330329914,0.03170020455097303,[0.1]
1.3468651917832268,0.3234732855462671,0.18376120844137017,0.028880893176581365,0.2746927967379361,-0.19116998863041457,0.03339068392591163,[0.1]
1.4938847736867524,0.3248183124288431,0.16453063155755593,0.01938598871789897,0.4201459564123721,-0.411575079713716,0.023836622774333197,[0.1]
1.348164226897268,0.31227037144885156,0.18213118602777745,0.030452792835234124,0.4033082099510337,-0.18513044894709768,0.017274783599858547,[0.1]
1.380809410646048,0.4969478092098007,0.18677986296115107,0.02904962281736427,0.3805509008278971,-0.08906594720134403,0.01063081396502613,[0.1]
1.556002966964543,0.33413471534606065,0.19716354471500713,0.03060379697391718,0.3923906712932622,-0.30570961101177874,0.0125317257465821,[0.1]
1.41893594509786,0.43198498316778183,0.11556321491150023,0.027266416215955165,0.35180453010216983,-0.43875203444162186,0.018857710273002745,[0.1]
1.3963307089295691,0.450867715339064,0.16357616685697038,0.022511511963333508,0.3924791267687544,-0.10511426162549437,0.023895403207009183,[0.1]
1.5738997622311452,0.36125295851368466,0.11800984612616293,0.021390147720822143,0.4105687983222904,-0.3457255054841492,0.020288262348475243,[0.1]
1.3827248237618077,0.44502431830913314,0.16092618336356723,0.017726424119185378,0.3198107038581493,-0.35187396013837613,0.021712757707128567,[0.5]
1.3484168843860216,0.43357224358960894,0.1000345498968128,0.03215528206897346,0.2735436422668388,-0.03136500575822426,0.04635942564627032,[0.5]
1.3888135737101406,0.4792701684991182,0.1818720653525805,0.021660035546436703,0.268141601689231,-0.20863381692681326,0.04230670139391456,[0.5]
1.5655123870884453,0.4571895989420781,0.13762897053847664,0.02743808146132882,0.3764971146800935,-0.47558754594777114,0.035765076312608786,[0.1]
1.3617762961704822,0.3748624062128799,0.19422112991729956,0.016660860673157578,0.3705587019531327,-0.3041936616615005,0.033744741583576494,[0.5]
1.6325228383055737,0.3968770876477031,0.1586170894028599,0.032604387879042074,0.3710182090236425,-0.1904402803500947,0.017405221817219835,[0.5]
1.3774963469680817,0.35892909051569066,0.10859404036672053,0.02338325026305694,0.37237302088228436,-0.3638201833221987,0.04562872820930734,[0.5]
1.3204661007088667,0.48527141750745506,0.17698140019684416,0.02952146638882619,0.30508668234455094,-0.37378534380995093,0.011079223314549696,[0.5]
1.5339642192063037,0.43812211697649966,0.17364468537447944,0.026449430494240495,0.3108356170787317,-0.111583145309259,0.020499272685751933,[0.1]
1.6759785808195726,0.37429712467617193,0.12187349969359532,0.02244064958612944,0.40958179934560146,-0.19467866102053127,0.027714142614033006,[0.1]
1.5080909649766643,0.47278883178745007,0.1483586413500953,0.03036301021610722,0.3789586429569195,-0.08743334261523861,0.03991797512268919,[0.5]
1.4432948083555421,0.38235795427029584,0.16398956142869586,0.0320691311833262,0.3647198813637153,-0.09413699942829584,0.04559906957510151,[0.5]
1.575063781935415,0.4887253485267922,0.12699560675645566,0.029013110838266205,0.3008145262936564,-0.17125565091813383,0.048666384226900505,[0.1]
1.4033098146605723,0.31684805289538964,0.15813953301029005,0.02229940066313965,0.3413849736798285,-0.09542814258465382,0.04456534960646466,[0.5]
1.6060341044024493,0.4106712253642081,0.1431229593891623,0.0291708392048077,0.3367231522477753,-0.4566959283593473,0.014386992742562705,[0.5]
1.6000165220155789,0.3799584851527824,0.18405883824280225,0.015510540589717037,0.363108278155608,-0.3985893332027831,0.04270543793183749,[0.1]
1.6046504507718198,0.42678094603448513,0.12249277917437756,0.029802835654929083,0.40256023282931713,-0.05767477534607168,0.028801201625838165,[0.5]
1.6558782389978421,0.499157262895841,0.1254505806144123,0.03050722117234314,0.4160849681975426,-0.200228950783914,0.02283642250477099,[0.5]
1.5487168221745866,0.3194536628704723,0.12230802645250424,0.016322536077065065,0.3635839314573765,-0.3486788574949239,0.04990988554584771,[0.5]
1.532400507429936,0.42855202998458153,0.1860869297657164,0.028766943300659393,0.4177642279519276,-0.42511718969944967,0.0430771683807661,[0.1]
1.3521182977406978,0.32926595354049837,0.14767131347124463,0.024547179952894398,0.27602099638411226,-0.3416246233530368,0.03963126879678091,[0.1]
1.6958677960318091,0.3396186419393624,0.1088212750559506,0.031617663164055204,0.27959183876825133,-0.16589717799164794,0.045382009290451795,[0.1]
1.5684471479272892,0.3405959889157031,0.1905286960898315,0.02796952674830959,0.2724976445953122,-0.18791799966882916,0.018653631307268673,[0.1]
1.4216529485136944,0.44461618756706023,0.10283646139422341,0.01628184600719334,0.2689037470839306,-0.23855003681849318,0.03055932384155127,[0.1]
1.6020158081703213,0.321571907854797,0.15579471258516897,0.02000057507456917,0.4065190306681331,-0.2659779016597503,0.03729492333985353,[0.5]
1.5874021023236504,0.4559261812979011,0.1083054275459086,0.023992223519645434,0.2546898282037299,-0.09902701082214571,0.02351963956573854,[0.5]
1.46989402510106,0.3571226216877007,0.16446243374197544,0.033585787090016514,0.3599686526478695,-0.04498023168984472,0.02047708963337977,[0.5]
1.314743527231042,0.4831118164366281,0.1497901985565322,0.02051736001554383,0.26632116920533455,-0.14600237290470214,0.02008398532736573,[0.5]
1.535478940678736,0.49401811782364236,0.19176029844703074,0.03195081259799594,0.44364425831236065,-0.4032587950138913,0.03894984823919767,[0.1]
1.5175351111954347,0.3854268417677624,0.16946308247361297,0.019450984684611393,0.42545260522510586,-0.1776062453301374,0.02492880873953264,[0.5]
1.5866670912337648,0.44232494236434605,0.11839464388749907,0.033792853008057455,0.26657820400811044,-0.07600271121104674,0.01246093233410829,[0.1]
1.677399979524229,0.33683664806662666,0.12145978298753778,0.021189176754122966,0.28197812754729784,-0.21179845155312943,0.019398085364781936,[0.1]
1.6873139626277247,0.37565733820691805,0.12659973829807697,0.01759188904574311,0.2629405869372806,-0.4484181690892192,0.031050323583304076,[0.1]
1.3849405192010353,0.3775613661449437,0.182473622527778,0.024656690238045065,0.2507939957942712,-0.4623335071473962,0.010054419853198066,[0.1]
1.4941285160462083,0.4839020422387355,0.1542174125308569,0.018763538720994316,0.2739443593668281,-0.4170418988460065,0.037896622300803096,[0.1]
1.3718822229812608,0.48503651790081126,0.15649618157102027,0.025076783557919438,0.30709899113388894,-0.023392220502861383,0.016977720415922805,[0.5]
1.5926295464946292,0.3946909160360578,0.1944581945912759,0.01992261044412867,0.26433800971555954,-0.150556374354942,0.014653937801545301,[0.1]
1.4931722808701506,0.41845406703300986,0.16401452675283004,0.0337379401641356,0.4011027968138544,-0.3350658432706627,0.032228552753903794,[0.5]
1.3324001492431443,0.47090139845310247,0.17979263786191024,0.025705309247978734,0.31888974218724697,-0.24553775786603255,0.016887945268560932,[0.1]
1.3966516411712206,0.3464922792796749,0.18926254151384783,0.01698363604844609,0.4182923663165728,-0.32385747698046047,0.017733811936309924,[0.5]
1.3935871329745448,0.3007700907751698,0.17853689230115838,0.02155808077382418,0.29041760658293175,-0.3631232594287727,0.023267372909834556,[0.1]
1.5345215563491932,0.3437957200142336,0.1290471734410371,0.030493310880349053,0.4297518106805406,-0.3580142469797415,0.027978583852064177,[0.1]
1.4644780543539142,0.4514223655570556,0.1573414833549659,0.026296483467209995,0.2557182443890711,-0.11561447785695284,0.031576993249191235,[0.5]
1.4174868953583446,0.3372830631114781,0.18617733608607906,0.03365344353048434,0.3852854153295595,-0.1456676180328922,0.044026917689414274,[0.5]
1.6883756516778858,0.39183377825056875,0.1147958696517839,0.017612932716416882,0.38912282622933647,-0.010378746120724702,0.04342402048272742,[0.1]
1.4018224465555273,0.3281986724033075,0.16913197810565436,0.022415706824161462,0.3910054548855928,-0.4923628773953639,0.013728129959749931,[0.1]
1.4818214737300601,0.43708690999151917,0.19911236470293725,0.032855411592650076,0.34079107026343824,-0.05224167979564992,0.03342383128818853,[0.1]
1.555253879573071,0.4059879842993421,0.1993334758788045,0.030891434075545607,0.3674809108492206,-0.30942445904190113,0.04594804354856859,[0.5]
1.6014415723513835,0.39551032507690054,0.19262955019549508,0.0326638279891792,0.40897457681316474,-0.43554183262013574,0.024681386740912428,[0.1]
1.5222959686503679,0.3815849606747286,0.10143605901768468,0.02372514671439211,0.2793096458320097,-0.19061393781316288,0.024792634747101833,[0.5]
1.3798618125027884,0.38577739677685524,0.12358199220573252,0.026601720413857652,0.3395075639187356,-0.05039018837853626,0.041006171139521846,[0.1]
1.5576965562326537,0.4320420220135939,0.17392501373734248,0.03259201374860586,0.4350042898942241,-0.11779590912897986,0.023446160916105033,[0.5]
1.3214699784676043,0.4587233057187463,0.172872452842763,0.02318456653380178,0.2700056571739965,-0.4015162791851158,0.012148460658967544,[0.5]
1.4083436296248644,0.3346505921075477,0.12379378515981382,0.02031711213808812,0.2968886254455425,-0.05447042916131439,0.043575901210589074,[0.1]
1.599324727791168,0.40141960437352625,0.10441891347404744,0.01932492958488213,0.32876718981092046,-0.2348091384859166,0.013210202867989332,[0.5]
1.3424688691100395,0.42449581180436224,0.1324686170757,0.030973088387123638,0.427072594208884,-0.3832626697567666,0.0353740859393976,[0.1]
1.6244085871192793,0.43923455585394955,0.11202878042650148,0.025111389989233082,0.3664358838318176,-0.45317840660654374,0.013414061508813867,[0.1]
1.5313671614948345,0.4805243245808601,0.17758182338017087,0.026666159883250468,0.3305112636936225,-0.18907089981862152,0.03574422030070941,[0.1]
1.3400313444933538,0.4796170152025825,0.13469886996899683,0.021633045233620647,0.3743406221865749,-0.07135627368053205,0.022352547104509478,[0.1]
1.3420501857582436,0.3409032092640368,0.15772145697521525,0.016006561943185674,0.26592452696728014,-0.41443334193986714,0.03560398971893711,[0.1]
1.4554594336543343,0.4974068010699444,0.16544685112463353,0.016658975749562006,0.3683190491208439,-0.4194347208908099,0.010659572525097406,[0.1]
1.3133746289870964,0.473723429080654,0.15071891693493428,0.029392682822500793,0.2848691023731744,-0.30112441862845424,0.02802996925945782,[0.5]
1.6055664386370327,0.3987666914261519,0.10359123745801757,0.01943307910759213,0.38844818072779197,-0.3866039488843707,0.03652694658177813,[0.1]
1.381792551920173,0.40396547455984544,0.11395573033780687,0.02297903920414778,0.3661560870778127,-0.03299739008222874,0.04089745912324645,[0.5]
1.4650500020669366,0.30252898645940873,0.14027054310685394,0.03407921023796634,0.4466995607347055,-0.39785476720391094,0.02873592810194004,[0.5]
1.4507220061513333,0.3830527146892217,0.17133001118636118,0.025931799236961803,0.25236784631462783,-0.33989834560251975,0.048123852284811905,[0.1]
1.3638107803694397,0.3204198377515003,0.18296965836738582,0.018930228973534503,0.4238000379008024,-0.451093491145618,0.035172509019458155,[0.5]
1.680890170177574,0.4772009265225668,0.12084170239101746,0.02252526615093082,0.31532384520079065,-0.2706279182834662,0.0459748442506636,[0.5]
1.6949209630998316,0.38030886224350907,0.1595951650107174,0.03303401927761626,0.4190163579892284,-0.04295588117677729,0.04213629869875495,[0.1]
1.4825265280399318,0.37619416531149585,0.15292884504407256,0.028309296541289226,0.41845435785377316,-0.07999398514925038,0.036572563552895315,[0.5]
1.4682378435849883,0.3882107094651687,0.11570088733715922,0.022482132092122867,0.32638378246128497,-0.36003815445881115,0.035446361587525316,[0.1]
1.523177214369528,0.4421860607342005,0.11781928570627118,0.025873712831249084,0.3969276848539107,-0.1816954041579435,0.036519196938355314,[0.1]
1.587153493968143,0.4800708777960563,0.16749035939328177,0.032860862193720586,0.4376310432435333,-0.18286794988487426,0.04839884239300368,[0.5]
1.6519077010320369,0.443723892326609,0.18354429368092579,0.02430548083442636,0.3536831706015336,-0.08458561041362989,0.030672870237048094,[0.1]
1.6730945088850866,0.3076741142865792,0.12928244254437818,0.026543180808758643,0.43630090659505366,-0.14076863964021258,0.0353308804946313,[0.1]
1.6804662981235519,0.40655812677476677,0.165919723703629,0.027204275627953182,0.3483583348312684,-0.32002989414291927,0.03843491954979328,[0.5]
1.647778812883895,0.42835367476446495,0.11625200228058467,0.018711512278592385,0.3676699234959685,-0.10140342789307777,0.015635366287983447,[0.1]
1.4878763541951325,0.37658683492909223,0.18854498784977272,0.030836593106739425,0.3104491625894837,-0.22506057757953413,0.02483057153897323,[0.5]
1.4364288390741597,0.3499227918296397,0.1099214298685856,0.028525955730689445,0.36007987604228886,-0.25376401714787683,0.012117203041089798,[0.5]
1.4136386619027177,0.46296297136502906,0.1817621282536127,0.02603450148595069,0.3445415984061926,-0.20481781523911818,0.025911050565361308,[0.5]
1.322419998248032,0.3043713791195599,0.16693013994761285,0.03019619214760149,0.251753271636487,-0.17652506012575125,0.010288441185890064,[0.1]
1.520622651037671,0.40568059988460925,0.13862537172925649,0.02307278773467351,0.39163874305923735,-0.010560721747490454,0.03006696264056762,[0.5]
1.5123696555052013,0.470689987646936,0.19756854290159198,0.03289102230545962,0.3276854755178034,-0.21002691987291416,0.012230154974699887,[0.1]
1.4751472050786512,0.3226796788848711,0.19235855151954145,0.027314571176873453,0.2619244719101789,-0.4899487915099288,0.014131994724054853,[0.5]
1.305039463720273,0.46318441479012973,0.12946798682819027,0.03306483193784486,0.443892259918046,-0.13139020360610015,0.0326720853851237,[0.5]
1.4983182554423617,0.35205142452046845,0.14673767059786927,0.0313188547112955,0.26461204679716477,-0.23545907489854512,0.014622919580540752,[0.5]
1.5218555812196646,0.30511879044784407,0.17297580509766625,0.032372779736952004,0.3508378476664937,-0.1347982633031211,0.04913798628672164,[0.1]
1.6173034623373699,0.37077276813615506,0.11528099854295068,0.02572945393257885,0.3089141232488295,-0.3793791194956976,0.018004537194945616,[0.5]
1.3599802287988474,0.41219282505308696,0.1749104948519823,0.02609101016305669,0.3079625512728136,-0.4471447988193714,0.038470112301215845,[0.1]
1.4471048359094714,0.37025016540626365,0.1197029072357002,0.024705373862863575,0.37182439945971846,-0.11935294591791384,0.03675512654079059,[0.5]
1.3760655169155536,0.4510132840529901,0.10580730273818034,0.025253807347096757,0.4056586831024195,-0.4733989615600955,0.03997099182397915,[0.1]
1.4263471669557553,0.44955182468562405,0.18279757595104895,0.017873635413974333,0.3280768077774648,-0.04567369158977724,0.013853483911692322,[0.5]
1.4527545176232706,0.3270579696242629,0.18847593285825315,0.03253395168517988,0.3283034798917646,-0.1393488117699191,0.049689515818397166,[0.5]
1.437115483883475,0.36681734715827663,0.19941419227026774,0.021052609271794958,0.39036557230902547,-0.3529243277218225,0.02985089616523749,[0.5]
1.6094025983164024,0.34602938066212036,0.13639274376605345,0.03314340933298874,0.31436663244649715,-0.050985249336454486,0.04206734225105686,[0.1]
1.3691745566593054,0.37112153298077777,0.11052417980121362,0.026246665752025406,0.2775227367873995,-0.12569590125148483,0.029653707012558157,[0.1]
1.5046312868698253,0.4099010834719614,0.19212622837817722,0.03068488344807018,0.40540161060314756,-0.17903268203374156,0.029112093508073086,[0.1]
1.581097818451033,0.3908061620920105,0.10951146408290746,0.021503535343952496,0.2803612009580631,-0.4080597557630082,0.044975068212882004,[0.5]
1.4181497187225516,0.4239742826409256,0.1433090977574622,0.015886898647973442,0.30802856030476283,-0.40362588043497843,0.02413245511057653,[0.1]
1.5682724813531685,0.44689708896680663,0.19956522383120828,0.031018299406295382,0.41783162385892997,-0.4343451663836821,0.017658357762894577,[0.5]
1.3998864473815857,0.4950917330608915,0.10629811208020819,0.026517470858506434,0.38408327268302356,-0.21394638888834228,0.016424224882877078,[0.5]
1.4511710959354367,0.47853917940635254,0.11161912476811743,0.019207435786255382,0.4170445697865095,-0.4863146648987766,0.04923003399708315,[0.1]
1.5711097998941552,0.3147784324166638,0.19038783982210794,0.034913570393297955,0.3358458608184122,-0.36763052339492236,0.013379368173751882,[0.1]
1.4205827437521494,0.47600924853300847,0.14017019298252043,0.032916190967256745,0.3154416057020559,-0.2951950422085128,0.03312517103762204,[0.1]
1.3306244643734868,0.4679335390199616,0.17542247221950322,0.03346520434040591,0.2580318584461266,-0.08517698851005345,0.022463526148541323,[0.1]
1.5733685434843268,0.47584369211174005,0.1737608767904371,0.015841458027906253,0.44019029914676755,-0.4384329996708991,0.041985188689317346,[0.1]
1.338424361608689,0.31964521917821326,0.19780157674922183,0.030645322882145148,0.26368545698014034,-0.2303000495433029,0.02534249545848751,[0.1]
1.5704948471450222,0.32164266118482976,0.14580011563134018,0.03434339003707445,0.3562774999317991,-0.32522014139502736,0.030471252277471876,[0.1]
1.5741293937383212,0.38424570380166,0.14548842056031736,0.031825775462395955,0.42062359312667996,-0.48467177745405265,0.03193612647927484,[0.5]
1.5236328848481435,0.3606636780530168,0.18147354644631378,0.031842149613311194,0.29460259895677005,-0.037559616333814216,0.01418648928172569,[0.1]
1.311567075433245,0.47408208035205956,0.10701879112103047,0.023665679600015366,0.34275914367645904,-0.008607587495276181,0.032970999029991586,[0.1]
1.5582323839392505,0.4966343213199591,0.14719432517001874,0.016883077851572833,0.3628735587677298,-0.08354321865964254,0.027874043638103,[0.5]
1.435044341766654,0.35936685381473155,0.11110447833833365,0.019576041612467784,0.32841852561519125,-0.3365827874683834,0.025645647154113008,[0.5]
1.3983341783827037,0.46895845678892306,0.10943735140303966,0.030393019619239497,0.4310727763248476,-0.04765361896620918,0.019123119306320966,[0.1]
1.4129247522072717,0.448475078753825,0.16773016686246545,0.016373547235381043,0.32435023674945573,-0.04726961644968364,0.017776225449747787,[0.5]
1.3792373611789972,0.35849463622216937,0.1480145081118485,0.025787602058405204,0.41379079475737907,-0.03725714275259928,0.042551275733222156,[0.1]
1.5068461677770972,0.38462229556725436,0.10903464943007868,0.026785317495967728,0.35917136007610917,-0.35385205799807634,0.04417526504766154,[0.5]
1.3107058219010723,0.38357803853758565,0.14662810660891126,0.015594669070949564,0.37520779075658295,-0.2692411702581363,0.01720024827135364,[0.1]
1.547579113667375,0.3810124890554121,0.1681089967957984,0.025531586222613097,0.3349954230182206,-0.49391524143826143,0.01361287173339539,[0.1]
1.4473474977284102,0.4640517237290014,0.14574451347034478,0.016059858007411026,0.3274663906558918,-0.1622639496973834,0.023532388368567986,[0.5]
1.4070035584307232,0.42719480149706324,0.1122467004335756,0.03245474286612993,0.25789973354788526,-0.33646389867261073,0.04013058155667042,[0.1]
1.460121292749683,0.3440289834127854,0.19279799553476248,0.03292697378810562,0.2573903337425915,-0.10478887153121719,0.038789958583112114,[0.1]
1.5390430201185148,0.32629376263194265,0.11546996840840527,0.021288252158248575,0.44814130598418633,-0.3570967813855269,0.020384691991904378,[0.5]
1.475887470844116,0.4155678771400868,0.19494494780929705,0.02861549354133467,0.3481536977330239,-0.06806273189750228,0.022591455832356007,[0.1]
1.4812060956973074,0.35526759407856884,0.10079817401320093,0.026950006638447366,0.2906275681858609,-0.019373477238245562,0.04291650119689612,[0.5]
1.338079967588472,0.35574247138960907,0.11171676321622971,0.0157925376359034,0.3651777115210523,-0.03625780891949704,0.04910038268353283,[0.5]
1.6850410529249618,0.4323729558780076,0.13397443263906475,0.02630150036521836,0.44064266189052953,-0.3931878091691052,0.042831570897816834,[0.1]
1.5458343119203213,0.44679160251630456,0.19412315136155706,0.02484239858484439,0.40034695267798176,-0.29490562209403837,0.04048990856719321,[0.5]
1.643241479688191,0.3073025620154785,0.12075162534208175,0.02971059247272937,0.2708131082372376,-0.016598492902322015,0.02717754802589828,[0.1]
1.5549908326906832,0.3417767113675908,0.13598873465445593,0.028216980641108017,0.43197321003904043,-0.09619067661956132,0.03869630548657717,[0.1]
1.5251851060482806,0.49355911459822965,0.10224874217018351,0.03000483179846098,0.3118169512495382,-0.35428519280929216,0.04997534841746314,[0.5]
1.306978848099441,0.4823322389378398,0.10744011821415499,0.02957999153318555,0.4152752640066901,-0.22871620939027343,0.039321759539706055,[0.5]
1.4802160350949733,0.36795052462751254,0.128308671487275,0.019521233022612147,0.281219740304581,-0.21546752675227437,0.047396825288781294,[0.1]
1.3242107548006614,0.3527234294722751,0.14522936957557198,0.034414554058300184,0.38835492241925135,-0.20609221615357326,0.03482397910224634,[0.1]
1.6900771803347996,0.48171197108880026,0.11432564286611976,0.024365723087345685,0.31419458699550806,-0.36986114302857737,0.03447063074829885,[0.5]
1.3038838662460004,0.3032755488294657,0.11820045703423979,0.02123531505638803,0.4455027331454159,-0.053879695810283845,0.020665593278256573,[0.1]
1.4972393555578347,0.34689206600881684,0.18491423568745924,0.028042633660953574,0.35767616765503457,-0.2673995484848225,0.02251524039416509,[0.1]
1.5984739739775753,0.3267157411115592,0.14402577737412436,0.03463061654380053,0.44486885729480996,-0.2837890433537387,0.04751826726004183,[0.1]
1.531936549854916,0.4592855636706736,0.13915092210159127,0.029870198436159547,0.27297844425514456,-0.316792522344978,0.04179265886337499,[0.1]
1.327288140035058,0.4916662726300225,0.17067989315677026,0.02535969772778915,0.2924970403310874,-0.45255290075182597,0.019294024982978657,[0.5]
1.5744809535799553,0.3332250658776742,0.18085377181925896,0.03263547628375883,0.3175922053481059,-0.06615032190178755,0.0362809282477073,[0.1]
1.540402228906487,0.43381911344998003,0.19854553900664051,0.01741538525566813,0.42946287372061964,-0.3227333794826985,0.04726890028750782,[0.1]
1.5846134581312816,0.47444476152704074,0.1259024680403665,0.01577978364158959,0.32006738114890027,-0.39601539770809296,0.01693856778302509,[0.1]
1.674423185147557,0.3717545694474754,0.13747567073194006,0.026882830826259654,0.4442212011968183,-0.37735241079469567,0.03624476895528404,[0.5]
1.3991695393124495,0.38253463305753904,0.1012718324917537,0.02172547232110064,0.2756491058330519,-0.1400761810330201,0.03612302669312889,[0.1]
1.6539749330943,0.3800989687592581,0.13303400653058672,0.024978576542412208,0.40978860489246716,-0.22108549100910818,0.01593061224271569,[0.5]
1.4012638706777039,0.3479465658139529,0.14359573037885087,0.03395724647838101,0.4052977633304122,-0.33160766129615826,0.03205241859125597,[0.1]
1.6776015076775872,0.4890880327876225,0.13566846706818134,0.021578931978756363,0.3268068583758112,-0.06062348135425105,0.010792974986571904,[0.5]
1.4269913636651848,0.367771708604231,0.12578995844936453,0.03493140695053994,0.3235193089045529,-0.29095617945200797,0.04327687236270176,[0.1]
1.4965711184314092,0.3388856234235001,0.10293975153046044,0.03152589973650009,0.327807837902472,-0.34257506319181724,0.04135634914442736,[0.1]
1.5832516409833362,0.46077529757886204,0.15374765273941537,0.021074701012516833,0.2920766194183432,-0.023884080324189594,0.04954022680905327,[0.1]
1.466054350283605,0.41094570580878237,0.11005606452859862,0.023708372178947935,0.33754084369832826,-0.4547917390128412,0.03285362833162693,[0.5]
1.4557165361965996,0.43311561735575627,0.15179097476002706,0.022737372794966116,0.27882604815881806,-0.3849614118424557,0.040644156333415664,[0.1]
1.6485947186504408,0.4289122870010155,0.18544001985642042,0.030232544404568396,0.413006155626056,-0.34421766311815927,0.02780562441217471,[0.5]
1.6419950121714177,0.4892751982718354,0.1047366225210206,0.02261346690256953,0.40177848215525125,-0.3656016470993374,0.02582824920946891,[0.5]
1.442627046528433,0.4194506940913798,0.10434036727092046,0.01747279208778837,0.3086522252615388,-0.26498341614655985,0.04705822110714586,[0.5]
1.5225211247196224,0.35680518017988294,0.1142843565931553,0.016211314716322266,0.4402184151207401,-0.2957107885215371,0.034737383162001506,[0.1]
1.5802806797696405,0.4290829937667625,0.19817492931245811,0.015058480028893787,0.29927246488629156,-0.30717629596564877,0.011585464795126964,[0.5]
1.3063753088653518,0.4133208641073153,0.11588571408441682,0.020907327888395513,0.27313619108499426,-0.30192134863338804,0.015501041159106818,[0.1]
1.3995232536690823,0.3884431295049538,0.13688253604753214,0.02529972576080152,0.3892943662971262,-0.1612061151230434,0.04951128224443852,[0.5]
1.658169288725006,0.44022877128028576,0.16579475822273454,0.026116697212269488,0.40615119722706705,-0.3520471020700078,0.016560295000342264,[0.1]
1.4067609417089242,0.4455106102859111,0.14720344779432096,0.023428163249335554,0.4348120359299648,-0.48657099302769524,0.03293130528380303,[0.5]
1.3545847899123495,0.3449506769662035,0.1463578562394599,0.03324961214662854,0.30262754387630736,-0.4237704064502559,0.036767546263891185,[0.5]
1.360670570546461,0.31526770032258067,0.15870050302287964,0.02291791438992971,0.2988246816663896,-0.39404297546135786,0.02160274702638585,[0.1]
1.4310269456333056,0.4497133382600551,0.11046564573488454,0.021031481553284156,0.2552350856738714,-0.0018277250662296352,0.0150365263580594,[0.1]
1.3908332003146326,0.3840491167922734,0.1675159418406667,0.02768046368825964,0.3218091220850908,-0.16675275700518688,0.04645130372241846,[0.1]
1.6782049303746684,0.3466537940780967,0.14568795008567567,0.03390815995419012,0.4490532237801042,-0.16453349471416184,0.030831791801699066,[0.1]
1.4405785876659511,0.31411510217071,0.1596540885891896,0.019860795034258968,0.3316910121358743,-0.27749083182692424,0.04723559262501432,[0.5]
1.5375152214476857,0.481978363045641,0.16360332090392132,0.028444577613988845,0.396459029341518,-0.07278449933577597,0.011636082358618391,[0.5]
1.5411805016992755,0.30616741061990327,0.1843451234495163,0.0223893747264447,0.3826027796849505,-0.24718433928408767,0.022409141234257468,[0.1]
1.4103859284085434,0.4986135745669905,0.14251160819166966,0.01586199851174804,0.4243699468937053,-0.2737110043475055,0.026373939592669364,[0.1]
1.6122056683675092,0.3320626018819197,0.1720859217642982,0.033490994793963,0.28159217111618207,-0.038283722908042606,0.044699571097081184,[0.5]
1.4695691535868243,0.32020675535515264,0.17820534081380052,0.01502316174607245,0.27863155347907187,-0.4345771226469792,0.03888129626439739,[0.1]
1.6389472303861483,0.4273416825111741,0.11383719071483787,0.03335685865498585,0.25591707603405955,-0.1633803493844918,0.026812853044573613,[0.1]
1.3731367185159047,0.3581381116587112,0.14641956702192496,0.03301449421474782,0.37008342718193843,-0.3614744057274428,0.03190911137316935,[0.5]
1.5858765069538423,0.39278405607542266,0.11493931859676312,0.03066710984111113,0.2634721119484054,-0.012234293979122901,0.04686545933727418,[0.5]
1.5397691707701577,0.45139226315988845,0.12603470774397235,0.028368920258384146,0.275193487504913,-0.37258442280155535,0.021127955953322352,[0.1]
1.4551686875821197,0.4879555705299312,0.19197591240131961,0.025640733039359324,0.2527125964960164,-0.2661315091546063,0.03268954351385621,[0.5]
1.5557770664808916,0.36487089103825565,0.18079058377108626,0.019123970531715943,0.32921054857687226,-0.4280698765194727,0.01897170449685548,[0.1]
1.5817379420704853,0.4360975493980879,0.13117469192738315,0.017880136175088303,0.2944223085441871,-0.40039104446036833,0.016676062138368235,[0.5]
1.4362107935258281,0.485564534841484,0.14953908565665797,0.029356909428873954,0.379067528773326,-0.24261518741242522,0.02939692786398701,[0.5]
1.3248738796260422,0.44425610878342026,0.1519331056260536,0.023775697677116018,0.31366646930037984,-0.32900950292802733,0.018242359571568754,[0.1]
1.6683486972940211,0.47981757451815293,0.10847973464717063,0.01928966309149798,0.34717265101159767,-0.15035649263354633,0.03224915643499492,[0.1]
1.6523381243424657,0.3849212931351635,0.11882354228829284,0.02945254616963162,0.445376771593594,-0.42726993851811407,0.041655257616202125,[0.5]
1.3651331847559733,0.4066037596713353,0.15839287322051088,0.01976870162542989,0.41387846854156296,-0.17317663576861403,0.038611272025850345,[0.5]
1.4576106632122545,0.3111814741225142,0.14786453539255093,0.0213175067977438,0.31251187756934373,-0.1709719595352434,0.016761662582776424,[0.5]
1.4571462977968854,0.494334462305378,0.18937748136094068,0.022219887541441413,0.27715633592940475,-0.3661495675222223,0.04144199475478941,[0.5]
1.544091515754746,0.45337698326829035,0.11992958091031289,0.03475945728784616,0.33691208620536095,-0.2892092169416016,0.026762622895380516,[0.5]
1.3430112524715458,0.4276876761021954,0.15528558163298795,0.029100333485740336,0.2545459358459285,-0.23272965261217599,0.02573279107332509,[0.5]
1.6403280842885215,0.396529505925505,0.19204535729936767,0.020283049033832497,0.3992596781296911,-0.06270331352008246,0.028869319051312552,[0.5]
1.5855911125471311,0.33111055077572965,0.1489405745820115,0.016515062083356798,0.3847966650816266,-0.4436499440637315,0.011559068885525629,[0.1]
1.615651433451823,0.33268148749936943,0.13188665324221105,0.03164639886950131,0.33292938509184294,-0.28980685189190675,0.042979553190086985,[0.5]
1.638623751777155,0.36031044141122887,0.12663767438978413,0.018310268027869704,0.27166266319140947,-0.44542216377365845,0.015288454728851302,[0.1]
1.4156697182833269,0.36154429861855863,0.18017498585554687,0.018780538443373528,0.3830241214612109,-0.13183287608053218,0.04780033758143314,[0.5]
1.6124044787186378,0.4205962135172695,0.13376026300525945,0.026974185020274707,0.4304283883431176,-0.46647824023564693,0.039746568797374426,[0.5]
1.560869920487411,0.41593756350027183,0.17587412535043762,0.02928252158501272,0.28706557365171603,-0.06202725040090834,0.027238099101941464,[0.5]
1.6456651681906105,0.39173228658406006,0.15344526463534816,0.029725353389275472,0.40690659510144256,-0.3134011035301389,0.0209731630921312,[0.5]
1.5899073608115453,0.4389370531236914,0.19336474861397118,0.021850484555792436,0.2935500687696683,-0.38605094623444736,0.03512898328603159,[0.1]
1.577659640426331,0.3131484522402673,0.16985831841849636,0.02501392867994541,0.3040614394854976,-0.4628946987747262,0.01179310664055133,[0.5]
1.632922653297219,0.4287563636084659,0.12334227133545327,0.018906131332513815,0.3004042139815162,-0.03245680090447439,0.043933128575394276,[0.5]
1.569953908137319,0.31034912140592896,0.1170025194122935,0.03404618559816283,0.28461163506795184,-0.13680861941185374,0.02228302294358161,[0.1]
1.4868055236707372,0.3090327397055204,0.1131358492152217,0.02353065744673811,0.34425002701770996,-0.3841614498876014,0.038597529273550736,[0.5]
1.6409042110078673,0.47550506605263554,0.19610032218923681,0.033372062040071246,0.3750470633026326,-0.4275025631871968,0.027252526793891053,[0.1]
1.5381912470941692,0.3306667320743181,0.11194159282896392,0.018895610863438276,0.2909376173134858,-0.10694494089245782,0.020229466103731775,[0.5]
1.4712269567568357,0.3459375594523639,0.18396362330519195,0.018604086403709367,0.2877824044744047,-0.1717871330253531,0.036710917886989644,[0.1]
1.572987565206347,0.38925183537939806,0.14112153331101945,0.017302446129251154,0.26575090154635395,-0.4967676341368563,0.01389002250702764,[0.5]
1.6360340410744163,0.4391408532900486,0.19138874981653342,0.026404024144431035,0.41654952253345273,-0.06462530770217967,0.04516561004102202,[0.5]
1.317967479306199,0.3451593287543294,0.127060122974781,0.019631513340702726,0.4494331702476625,-0.15193685978085897,0.012280102174041461,[0.1]
1.3499838957811612,0.3094902035696895,0.12818216707115554,0.03246982293781095,0.4115341453184028,-0.42889069846684086,0.018757172918646738,[0.5]
1.6381601184831285,0.3330623534220365,0.16635943494576294,0.016561531255558478,0.26682843742894846,-0.2419835000322283,0.012791984539736193,[0.1]
1.3602039789546407,0.34933161827390175,0.11022944908707169,0.01925328922257831,0.4043690769752087,-0.15787320280687012,0.022216017233810094,[0.1]
1.546562551088641,0.3087734968425241,0.17710189065585086,0.02180934154637612,0.437469431605068,-0.16812441159563996,0.03334049578612603,[0.1]
1.3644887794213978,0.3257099842503482,0.1159459661183675,0.023045677607691245,0.31332864736060695,-0.09678895726478415,0.01100012102894507,[0.5]
1.3582611180675936,0.3046193435571406,0.16307198486707647,0.018127024491358466,0.3213016746506781,-0.31829431625416643,0.03426717278640068,[0.1]
1.312087835751096,0.46278454627110255,0.13430340810878033,0.02787272174953476,0.35833062983037045,-0.4021290090725978,0.036081477627997,[0.5]
1.4291828382838256,0.3154957198800671,0.12308671323619974,0.027661299356244708,0.31960197086614406,-0.2588496917467798,0.03795554391013559,[0.1]
1.6446167822163575,0.4404013505673816,0.19749889422708064,0.0200596892103881,0.39780038683736413,-0.20416916659449036,0.03182188082423695,[0.1]
1.651150694998838,0.3688267477286346,0.12762961976959725,0.02838225280750666,0.4390351621480383,-0.4155636262887161,0.027908516751939748,[0.5]
1.5101432940178414,0.3788835498552487,0.11419187538827281,0.015566957773426477,0.3203174034533398,-0.42958862600744485,0.011926237327122677,[0.1]
1.6284136672844478,0.41303934145030885,0.1125309986073878,0.02078307961416606,0.28391355633637233,-0.0863430781376322,0.03497003058941962,[0.5]
1.6337356603166668,0.3664742748734334,0.12275154752907041,0.017818804248733805,0.4020557335473692,-0.061081214448492904,0.02178058461906452,[0.1]
1.3510895572406727,0.4859837804677387,0.1365046739106564,0.01642652779165947,0.2766474320169946,-0.08963734611731539,0.03867288856150824,[0.1]
2.699181566840055,1.62680554922833,0.4127397610607831,0.08959950276424483,1.0664779988977249,0.45154362221136113,0.9098786782164963,[0.5]
2.256728235187983,1.4673226883659145,0.5650460228969133,0.06664991552637095,1.013671387185503,0.1864832072123473,0.9924540693604865,[0.5]
2.419068458222541,1.3124104417345945,0.5881750555556134,0.07161731726212693,1.039745745731911,0.010937858361750218,0.8424658845068268,[0.1]
2.3861923551279753,1.3901656713143442,0.4337506994531205,0.07775057306231326,1.0139971664775378,0.3851747703618661,0.854262319340529,[0.1]
2.437932499431205,1.648697455150347,0.5778686461762488,0.070930690595212,1.0450771175313591,0.4990552560828255,0.9714131930007154,[0.1]
2.657714282768351,1.608937319074094,0.5983514073075821,0.06729986037043732,1.0218412536783466,0.3545548628239976,0.8215545791174699,[0.1]
2.559958040011925,1.4624585379312176,0.4550532248207364,0.08743281742392456,1.1158185089565194,0.36447071598259745,0.8667327845312364,[0.1]
2.5922748780003912,1.6066712597120072,0.42769234210703194,0.0775384374750151,1.0635393071247243,0.4364007434777454,0.997181849558851,[0.1]
2.4793506996173065,1.476864766156958,0.5719501066014206,0.09086173525015209,1.0875452195598232,0.1104472523602149,0.8276741886411114,[0.1]
2.5527798591063577,1.4389658551097926,0.4718750234388718,0.08526724156241662,1.1286069475406706,0.04900245174738234,0.8322102212660631,[0.5]
2.4531211832610618,1.401325861275143,0.5911176551374133,0.07106642428585093,1.1178377828927826,0.34663275821410566,0.8482577804689437,[0.1]
2.4529425813670755,1.3896948031352838,0.535268133853089,0.07823096035586767,1.096147778771975,0.4575681799548772,0.8414037704450592,[0.5]
2.6369256656775995,1.5964595524261522,0.5137775085081975,0.08714532728096422,1.0419279951471525,0.3408838135401804,0.9150396289482894,[0.5]
2.2128669825475695,1.573861343928942,0.5626392983651041,0.07208206737775093,1.117593904702271,0.3111339969021717,0.9912771258705341,[0.5]
2.4671404377973025,1.4900443681566986,0.4265605150436156,0.06597461489284416,1.0955606191779266,0.09746695875163797,0.8048317481770125,[0.1]
2.676827892694314,1.394349354187145,0.5110084772070259,0.08766313156109935,1.084111156941914,0.04637916214295283,0.9934223767279251,[0.1]
2.258437770330798,1.5942490565954597,0.5281034599231378,0.06993337509678381,1.0244785394928535,0.2772197620239969,0.8301423258814207,[0.1]
2.4245909871982305,1.5482806919672192,0.5602602174452819,0.08262891618399172,1.1128670903336781,0.20770303789919342,0.8904303482892055,[0.1]
2.4517967925153417,1.3007314667295329,0.4172392371832457,0.09425531758991068,1.0492876845603265,0.26408509800736096,0.9789980103396547,[0.5]
2.273460732665133,1.52832155276774,0.43518153949184846,0.07010891825670468,1.0864084160517087,0.41193659144886935,0.9366270481182424,[0.1]
2.5953096624295604,1.3750995365106244,0.45162778741924425,0.0835107044817055,1.0385836401890793,0.2838455713186404,0.860746040943083,[0.5]
2.310559394097347,1.3099712057185815,0.5086639190739745,0.06851015023485031,1.0095526069498486,0.38140864381053674,0.9198239851546024,[0.1]
2.3901661029809302,1.628314529909816,0.5772685561841004,0.08450755093587564,1.012020892877898,0.07787642662983894,0.8959717568891866,[0.1]
2.6886427384153886,1.3762414889847525,0.44815111090212856,0.06764269004783889,1.1467657665570734,0.19021083204253686,0.8765611814029493,[0.5]
2.466238330320018,1.420018833017835,0.4217545176938426,0.0746128561297812,1.034649033160284,0.4566136753993873,0.8334043567871067,[0.5]
2.5268402068655744,1.4294343334327964,0.510831861089797,0.0773241448835781,1.1343133254675908,0.3226988804118102,0.9154075204234802,[0.5]
2.2202500612718867,1.4530395286235285,0.48170568953526816,0.06546835563247155,1.0889405515385095,0.27513705956811213,0.9501824493920057,[0.1]
2.6915632863681553,1.3848846529807326,0.6340218225794765,0.08039702071410475,1.1477626779197343,0.008936298495475548,0.9611852897324711,[0.1]
2.4070656205365424,1.354028031503883,0.44612585753838413,0.08881509225965512,1.107748922858108,0.2778409913060771,0.8830578309976437,[0.5]
2.6532463127534434,1.4740235811643414,0.45272681330605763,0.08436263563011659,1.0620704048920788,0.22059593162409322,0.9089022362226243,[0.1]
2.677408576021378,1.633212918315571,0.563049757264265,0.08559556061931106,1.123177950311762,0.47919857554737944,0.9800689769751834,[0.5]
2.5884674124755103,1.600357726905147,0.5661545324583075,0.07789023175954306,1.0805508831810984,0.4326094047489618,0.8649029010246592,[0.1]
2.49606128323078,1.5918695869930486,0.593322878225351,0.07862632351856458,1.002130120204469,0.026338856637630085,0.8988406781930166,[0.1]
2.3983188937084736,1.4556038560766866,0.5378646370298102,0.06541661922240305,1.037288951902984,0.08149984965494654,0.8010511357130076,[0.1]
2.2074305818441555,1.3508536307611725,0.4915447192753843,0.08780054367214032,1.0853734178459031,0.385787946757278,0.8216040728915246,[0.5]
2.5302482091941156,1.3777862513265506,0.5430215294940499,0.07362571354641029,1.0280704276021604,0.3416492157169691,0.9415412186332202,[0.1]
2.395714705290786,1.5085671207200924,0.5624021414940428,0.07006778558678807,1.119028556036435,0.3322857301959285,0.8299152626492469,[0.5]
2.5534387023536276,1.47362314502494,0.45807898642489087,0.07172528444230131,1.1377154579258744,0.16170833997653827,0.9905919569165822,[0.5]
2.2052155347565843,1.4887108801434354,0.49811695414564283,0.07202560057212565,1.067800437679448,0.32982472259431606,0.9969657958928485,[0.1]
2.540623522688783,1.3670462267572985,0.5053528983740622,0.06691617693779868,1.0672410707856779,0.49335995879906674,0.9217618811512748,[0.1]
2.6827178412731554,1.547630394554947,0.6132752745947561,0.07423741760979445,1.1161455583716067,0.3818360088551177,0.8781649253119398,[0.5]
2.502318636708284,1.5767345076259556,0.5830140647021786,0.0905540196810194,1.0645731636876947,0.3044879933996643,0.940567329924236,[0.1]
2.4916054239095895,1.4601050708010601,0.6279443654383783,0.09384326633446405,1.0178481751841915,0.339143503184531,0.9940566502181385,[0.5]
2.2936943783415784,1.6293241739982962,0.4444383991707318,0.07797276678986279,1.0905408575940116,0.30700398838570925,0.9290152551595457,[0.1]
2.414705067387391,1.432756286072455,0.5184658559846578,0.08230062043386613,1.1335425910969346,0.10704944595328858,0.9979316515932419,[0.5]
2.4085891516823508,1.6140952297742466,0.47513084989874244,0.09382231426046729,1.0271390969340588,0.025491054289551514,0.8422840153644929,[0.1]
2.4030122811945023,1.3832623409581488,0.6426369548388009,0.08088815845324085,1.141415130801374,0.10062562213749802,0.8174712699271447,[0.1]
2.6899586433957676,1.5186265070135416,0.5408700308988633,0.08469719676419865,1.1381438854083363,0.4489029862725496,0.8926110014712225,[0.5]
2.5060740215174846,1.4278122130171305,0.46390217490346186,0.08148599476531353,1.1324763786722958,0.44165965683721486,0.9496326142548445,[0.5]
2.5936544119439953,1.5275304268784642,0.6115442789591453,0.0943346269008401,1.0151877639447073,0.35845665933844273,0.9025148345625102,[0.1]
2.376398963636728,1.5691717038641309,0.44922630592264123,0.08764985153338885,1.1181515430997655,0.1330046276408794,0.9851470618596265,[0.5]
2.6259134908652055,1.431394728842663,0.496260392151536,0.08276850292483418,1.0514529156255012,0.47271272167545547,0.8072033445502662,[0.1]
2.4831109235706648,1.348688984172542,0.5220921185266334,0.08514930748008452,1.0972707421732208,0.2983867498021588,0.8996444971568781,[0.1]
2.3542114487092225,1.3033123879165733,0.6260820033085175,0.0758671834496774,1.1333335046242972,0.17568752951916602,0.9443172121424599,[0.1]
2.578153055412143,1.3914950406938758,0.5153167706944186,0.08793439776942921,1.099980553937147,0.4233566155672758,0.8875541763682945,[0.5]
2.5236521920073094,1.5340815493822846,0.5750070257438467,0.07289986340631797,1.089770303312911,0.20857941232422753,0.881502702976329,[0.1]
2.544870910483677,1.6362953278061003,0.6255720739254551,0.06926467445623007,1.0991983144161357,0.04481558924165203,0.8800848627292558,[0.1]
2.6625317646419786,1.5858142858116548,0.47545880130205753,0.09092369065912931,1.041115784190288,0.10197586720249904,0.8957603614069991,[0.5]
2.4361056251058986,1.5220376250640402,0.4502021026768758,0.09166646942818668,1.055424095295466,0.016092244796670496,0.8253565969733442,[0.5]
2.201224525185819,1.4714328279923738,0.542483133045029,0.0677967997890079,1.105476799244,0.027800832224450883,0.8517411935648803,[0.1]
2.2763195619708014,1.504198048551084,0.47336804219478384,0.07080933737122144,1.098454371204211,0.22816211627902627,0.9716883458979112,[0.1]
2.546188096292746,1.5717428048531707,0.4969149134429607,0.0740209019438928,1.0483681299802388,0.47119382913049906,0.8952778465541428,[0.5]
2.3297171607301075,1.6027549535675119,0.5851429777599387,0.06830470730569387,1.1070877844251563,0.06806238587314901,0.8526116675539237,[0.1]
2.5139939969758798,1.5280309149049578,0.5739543071590778,0.0838408494268538,1.070365334050462,0.24901966755703486,0.9048792317380918,[0.5]
2.2905836887590256,1.4219216384835482,0.5104378533761538,0.07760196953542382,1.0926340303587203,0.24311322188584536,0.8984998184584849,[0.1]
2.284352084260211,1.593098928512985,0.4284642520461954,0.08491958627158902,1.0090849148723389,0.20611890141407038,0.9946771688625169,[0.5]
2.403641427214068,1.3964303787634968,0.4742501217710956,0.07970671725063337,1.0331754000107205,0.4228702255469306,0.9651695430834873,[0.1]
2.5517839152015425,1.5560207175644463,0.4197013512749478,0.07952659984991983,1.0148697329633567,0.0018419975071198795,0.877898394438472,[0.1]
2.48213885859675,1.5004983506150897,0.5836797662987774,0.0665980764994404,1.1376147492795772,0.055050027103280524,0.8213104389783307,[0.1]
2.3128467940749506,1.57711899079309,0.6323372866800081,0.09196205810713551,1.135170637187106,0.12986467580217392,0.8486653370940044,[0.1]
2.5991858182847762,1.4001365632660778,0.5027074966039087,0.0812555037953737,1.0550317059197443,0.031461780489540896,0.992293154254643,[0.5]
2.465596463718669,1.6468420622573348,0.5946563310126858,0.06912580166061727,1.0565175117716805,0.39732204689024136,0.903955447437596,[0.5]
2.3530366121533515,1.5791539599539322,0.5374035233453717,0.08937166335068414,1.1314503578280126,0.46666986172753616,0.9407830517361606,[0.5]
2.577132085883767,1.6234715254228846,0.4951028610603345,0.06901608058365197,1.0407874324684268,0.03433847315344709,0.9818144893220477,[0.1]
2.459052310730142,1.6323390887214426,0.6145612008561339,0.07152544405984146,1.1053436779168557,0.13484141036166641,0.9840220278996341,[0.1]
2.5634969592693237,1.3875975502582556,0.4023308545667945,0.09030029157765976,1.0762468756305366,0.17770686789449075,0.8269769545223621,[0.5]
2.5394967484218256,1.5613859751141586,0.6218947599072465,0.08424864729927453,1.1238821355350996,0.13578652119798004,0.8040752882292989,[0.1]
2.3221457979420723,1.6170191511781193,0.4764640405271724,0.08180753128835092,1.0720496793285457,0.16628531465335264,0.9519726494056898,[0.1]
2.6571250698087527,1.4227925807522448,0.43707767610622866,0.07632932895340992,1.0829627190211955,0.05562423015619581,0.8881452604330158,[0.5]
2.4649874313056634,1.403535270964,0.6306895027173434,0.06623803526250831,1.0692210637930313,0.25226781229605294,0.9485554963985772,[0.5]
2.62794149447969,1.453913393373663,0.4972984042816964,0.08103646682911224,1.141468454853701,0.16519916794788386,0.8970420972073779,[0.1]
2.6408419367498777,1.6099681263130587,0.6083764313185853,0.0808258242339417,1.1021766138358247,0.45091340473404395,0.8960297090141867,[0.1]
2.503962288165935,1.625146687835779,0.431176814000694,0.07881797582185845,1.050404424577419,0.3219642957014732,0.8590437473486022,[0.5]
2.6904351109213294,1.3733718292063115,0.4761547715303377,0.08266269114265751,1.0158558429161526,0.08479004058439871,0.9138075528584876,[0.5]
2.6005249801776595,1.312239266924967,0.5542334600097585,0.09376916428181223,1.0950000932044002,0.1043898836544431,0.9068847215138448,[0.1]
2.4958341407243867,1.3174139663800715,0.4010686536862866,0.08244572137524597,1.0376276124973438,0.047956277441265155,0.8262525768559261,[0.1]
2.693054866644574,1.649821444993361,0.5562116236969952,0.08368322863585073,1.020181968208809,0.2870740713131972,0.868069968379876,[0.5]
2.2441220783629374,1.443347558019702,0.4075043140795826,0.07491713619576133,1.0831244073353936,0.2504927291843195,0.8118563669612164,[0.5]
2.687250543029721,1.6166803848582973,0.4482676223280838,0.08359400900427237,1.038015755951946,0.1392013271882116,0.8500283202535494,[0.5]
2.6735851020431354,1.416016596421811,0.5665109024459608,0.07331849971134981,1.1150631659220518,0.3270288197338457,0.8070395622700755,[0.1]
2.5059378333845985,1.562634285594223,0.5606821851349633,0.07287844335914871,1.008673924394823,0.1221189141684698,0.9016291063226334,[0.5]
2.359741630215334,1.4629617088916729,0.41805249997894406,0.08025604845302992,1.1488403549850867,0.4187169480617103,0.8210043610461683,[0.5]
2.402506212248886,1.5658545669220387,0.4497043328723986,0.06902653534400131,1.0194592390566837,0.26571712263458247,0.9828707980050018,[0.1]
2.3194828442158766,1.5464045074310153,0.5870456361271157,0.08059628707790625,1.0819227915642025,0.2553709348991242,0.8777505503385578,[0.5]
2.3661213666775374,1.636753890185448,0.626715815931859,0.07220757031696065,1.112429508548667,0.2273370582959363,0.9064531450003176,[0.5]
2.3018388173049344,1.4710957799264306,0.4360020804890988,0.09305242303084026,1.127906503497333,0.2125927928460002,0.8855820681753973,[0.1]
2.338112721566083,1.527431065718632,0.5516760660675175,0.07962213155120035,1.0354966307083269,0.04163188309202627,0.806281538972652,[0.1]
2.3651949929287737,1.6027450522593538,0.6477220394758676,0.08986516236935385,1.0941469333789426,0.2709940451308295,0.8290140286868259,[0.5]
2.620864728408493,1.5165184922514414,0.417264819223406,0.08856944397250538,1.1236853104123155,0.3413507463637488,0.9736047525662691,[0.5]
2.335958278973221,1.3701196632548265,0.46857084655600345,0.07170883065167342,1.1076682751132683,0.1872953742744082,0.9271121907023498,[0.5]
2.698570830020939,1.550032651233962,0.5642015068991508,0.07397936053698034,1.0186361471875214,0.05896230563065283,0.8453241119160615,[0.5]
2.39871483202241,1.4541213941885447,0.5717046385445776,0.07638590828516623,1.0343511693570475,0.23249207368038632,0.9411258047868098,[0.5]
2.6022972561737046,1.4855457471551539,0.5391404131140585,0.06701350535577894,1.1212636497492043,0.09478769115253269,0.9351495432478572,[0.5]
2.4686779474247142,1.4773756852745876,0.5902174656614098,0.07672623514191342,1.1255636192477696,0.419798304231202,0.8700359461875895,[0.5]
2.555386881159819,1.421788560290039,0.40295492158657464,0.09338680938263488,1.0317976829694755,0.44121793396999104,0.8379617563051149,[0.5]
2.6437603598355013,1.3463577774954834,0.4216766513121816,0.09231630134615561,1.0649431327871235,0.31759524017646507,0.8938185065442353,[0.5]
2.300752236547492,1.4043546349025768,0.5479990330986537,0.0796800194769362,1.0906348777063746,0.13083667188140388,0.8544286943385377,[0.5]
2.2981839875779966,1.3884445999477542,0.6405928202986225,0.07615245729918661,1.0794685203883039,0.06318691980659723,0.8013006248792831,[0.1]
2.6800569602187596,1.5065411310540888,0.5261125988254127,0.07307881505601145,1.0696822809140398,0.3430992783178146,0.8144332398113853,[0.1]
2.533378473264075,1.4574913920834671,0.4995854308193825,0.07935766045550194,1.0598658513578105,0.24807007623622665,0.9460932527942937,[0.1]
2.269143552913253,1.5993516933145724,0.4098294340654207,0.0875647257908257,1.1154133838677471,0.4297419782600799,0.8664966263307001,[0.5]
2.392316672117002,1.4901052947152484,0.4621237761637935,0.09466743862616928,1.0269326484210732,0.3778544018011771,0.9172944279207038,[0.5]
2.3669103199201054,1.550433640757222,0.6078543556193584,0.09101690404028812,1.1489588297792528,0.24472469605938246,0.8416156858366689,[0.1]
2.553617887798057,1.3431326513440547,0.4303621825958177,0.09049478496732417,1.0047420686019193,0.15685457494088037,0.830806634360858,[0.5]
2.457045528765335,1.4451463062842222,0.5531427526897779,0.08769297734778121,1.11934677180283,0.192271750186423,0.8798801457482615,[0.5]
2.5048301421062673,1.3066498751743756,0.4723793629266713,0.08172175826032484,1.0425860446621196,0.4818789527989276,0.8454392108483297,[0.5]
2.4303061810565807,1.5331649898937014,0.47718071169654824,0.09152881542330527,1.0116181796597912,0.23127995046054867,0.936268715343446,[0.5]
2.4114188259623615,1.4090971215354027,0.5985798416354581,0.09011881155454532,1.0415978792645662,0.3101161914467181,0.8759840970797216,[0.5]
2.312072372103585,1.5014750728271502,0.48335790320080674,0.06978489272177685,1.0111559988411007,0.300961526644386,0.8056460535391253,[0.1]
2.474159360452799,1.5735592212163265,0.5548769220886796,0.08075984743002353,1.0248443456384926,0.24697698126432424,0.9738071592508707,[0.5]
2.5801289753631855,1.5098140134169284,0.4200450818452374,0.07866305967336286,1.1180315677076265,0.22767904671767208,0.9987654519396973,[0.5]
2.2696595168834794,1.4645210305000425,0.43084273208633916,0.09265324382173179,1.073266417722741,0.0026141138615200514,0.8816576293942504,[0.1]
2.210172372108414,1.3322226103398231,0.4503287974500294,0.09216897965334495,1.090913371800149,0.2360861879036359,0.847628972329968,[0.1]
2.6068546332668956,1.5664234257340106,0.45543129747856764,0.07645778689303909,1.100847494068849,0.36360036502176046,0.8082716578662723,[0.1]
2.641720161024232,1.5239924355915535,0.4768593313841795,0.09422429474184194,1.1412882695575786,0.04230834030172608,0.8917670337076826,[0.5]
2.4324935438470283,1.4652602465518068,0.513375931617414,0.07344692040949788,1.052109722510036,0.21457498589787255,0.8743417553448506,[0.5]
2.4454753005798597,1.4661567239520086,0.48773344253977136,0.07540875127480569,1.0957670751938993,0.11090808255629822,0.9107851537732065,[0.1]
2.6429256807374806,1.5631667794663469,0.6330073086692444,0.06875998875630578,1.0271911325718348,0.1422183980020899,0.878585929294019,[0.5]
2.338791033181613,1.5672626067835749,0.4079661776998216,0.07351660135765868,1.0852716495564976,0.16071562820521543,0.9104962682262893,[0.5]
2.652561225952172,1.313123481514523,0.48290520915771795,0.06595230047257791,1.0328039677895806,0.4182195964733205,0.9188409303692245,[0.1]
2.2714796665200616,1.499784111849189,0.5587273239803352,0.06957999749538615,1.0741473317158865,0.27820464263404754,0.9462675776847105,[0.5]
2.3164451574152403,1.3142462637024732,0.6498722360536395,0.08493508345901114,1.0488634430251813,0.14458734922091657,0.9693133391618702,[0.1]
2.42886730136855,1.4533202839053465,0.5702220213318162,0.07451692251926736,1.0767969598254985,0.040381839668229245,0.9416258928185061,[0.1]
2.5030338079371863,1.5047746703152358,0.4050499572142399,0.07338811478565128,1.0832712464888743,0.34377144783153557,0.9233747701282028,[0.1]
2.364091924331505,1.5985025247459985,0.612533348995268,0.07299442904189125,1.06138845162879,0.30686591198960017,0.8421569171114172,[0.1]
2.3081999407846867,1.3391482580700877,0.4774085292110854,0.08927422750583876,1.039229751227341,0.37233157355219376,0.9197318140113802,[0.5]
2.481772898169946,1.4046680357202739,0.5121719425508007,0.08687730407526516,1.0427071373879786,0.4001160805990121,0.9529964832063327,[0.5]
2.399370419230451,1.3854454259491737,0.6171693554777709,0.0834354925821389,1.0653839329294954,0.24721666085699015,0.9455808043368483,[0.5]
2.2245995614861203,1.328964585689158,0.42073469006092434,0.08634194371745986,1.024428021093867,0.0739735916381281,0.8352338993575197,[0.1]
2.65606731014568,1.4488395514413581,0.4784497556010269,0.08971745425912107,1.1360242747916593,0.3032527099177664,0.9931284507816618,[0.5]
2.374265427262189,1.4027057969174088,0.48190313313573535,0.08441735137723955,1.121696639688144,0.28115711383296244,0.9540456838614104,[0.1]
2.5914405047630957,1.3599136796921307,0.6254135984676767,0.06812924486167762,1.1341017087986978,0.2116491191322776,0.9638186650103495,[0.1]
2.524698188948789,1.3594658934248138,0.413781878159831,0.07271119048963853,1.1064948600364648,0.06993336932481554,0.888833454419013,[0.5]
2.5085092187954228,1.5909351939164749,0.5451014411443923,0.07182382058935737,1.1399484976518257,0.003608092647891853,0.9681232015427238,[0.5]
2.4712266302851593,1.461220476339521,0.6128485160982037,0.08485949824115817,1.0925252388767708,0.4952300845350907,0.8634780266540995,[0.5]
2.536681858745993,1.541905541392865,0.591678287204152,0.07890435824496463,1.1050140654172227,0.018148520157377116,0.9793586567647283,[0.1]
2.2963290101617346,1.3445114844941013,0.5226368619720794,0.07829630511729588,1.1419118390425975,0.2890486383330442,0.9790390807572373,[0.1]
2.609043732851484,1.302396283558589,0.5416849403261464,0.0909906080518661,1.1483877492463623,0.12197483185840223,0.9441462304947399,[0.5]
2.6240764244215353,1.3423492841259685,0.6157774813427463,0.08112995634000711,1.0545075053032025,0.40953211960638586,0.882187687313182,[0.1]
2.483888938937691,1.6277041880192575,0.6380455230008013,0.06844261026929373,1.0865710020542172,0.3554112932647343,0.8283039957800474,[0.5]
2.677846289330107,1.3530690115205484,0.590576166513253,0.07360049245399113,1.0356205460394936,0.1411743398934363,0.8092428643055484,[0.5]
2.4174718729641858,1.6366170070195938,0.4273635159541949,0.08465366807904795,1.1331013471137696,0.2211963605947657,0.9051936511658853,[0.1]
2.557834596784684,1.4706783681935005,0.5825101371921834,0.06550509361373583,1.0383867387409274,0.28684745541966183,0.9182714652029431,[0.5]
2.347147137253506,1.5556066875737657,0.5543904390366728,0.07100495687564563,1.0385014263490442,0.40168840310321474,0.8176920062719216,[0.5]
2.36332643479918,1.6043028745519048,0.44675598602553224,0.08579648889278632,1.075827851898069,0.41740176476371504,0.8565460160565025,[0.5]
2.4332092572776602,1.5497514887498527,0.6378353419214586,0.08604405457603637,1.004587481650111,0.3058239870125214,0.8721918831686537,[0.5]
2.3629624490394727,1.5040410530840407,0.45419617377027555,0.08746591292112942,1.0409808285607034,0.45592418516776967,0.8099320213155408,[0.1]
2.3850342631398624,1.4752376001153031,0.6185392603053761,0.08999114056363258,1.0657408717476455,0.3373696290728731,0.8045015825576671,[0.1]
2.2516507246051902,1.6402603254003003,0.5866138401536788,0.07572027296364517,1.1458954973769235,0.36790429685637643,0.8658605599421794,[0.5]
2.304608107213066,1.392047426959381,0.4005958056592817,0.08610216003881895,1.0409341666305685,0.0752038988541,0.9674484325275701,[0.5]
2.659163667408408,1.3585519212053734,0.41844852629063284,0.07979219970841109,1.14875084513933,0.05020814902195349,0.9285793676793387,[0.1]
2.2826729771294447,1.6382883503886372,0.49385846483509016,0.0844991827409734,1.0259139839341729,0.1505126554717081,0.9757837951393925,[0.5]
2.343713509053132,1.474379073951049,0.48803677717559124,0.06839416090220087,1.0402359602812046,0.011326171132126639,0.8540836924665092,[0.5]
2.3189306247629586,1.6086714761422576,0.5668853397672188,0.09409068856168151,1.1091994224337125,0.20224156824115538,0.966525406439957,[0.5]
2.2018329596708663,1.6091680385044338,0.4688579781568465,0.08695100848976484,1.0981798425862679,0.07081617001960726,0.998952482852442,[0.5]
2.266973987020809,1.4157720141098202,0.41922917384689007,0.07939547925048276,1.0071812608757453,0.4938133505598826,0.8337523751389294,[0.1]
2.410983591624856,1.6430034569161678,0.5036887074789203,0.08671877365079901,1.0470060910601107,0.42222417947630475,0.8399222392375353,[0.1]
2.603531556232938,1.4731112397702157,0.5571561557692605,0.07395457247120031,1.134514807204485,0.18891301304457978,0.9277222681048657,[0.1]
2.547992662681256,1.4336515230838875,0.49104796807635764,0.0906400342759085,1.1205161074573438,0.1769722531572641,0.9020898511338933,[0.1]
2.26489641846561,1.3050931887837447,0.5806190313536206,0.06676623843431342,1.0357811388080562,0.22560975824923393,0.844658851775948,[0.1]
2.3057519753430693,1.6035203220145604,0.4534342055749666,0.07249579129931875,1.0183046460072018,0.19506349632579464,0.8990251684490769,[0.5]
2.3504823716396217,1.3865399209834557,0.590802443750418,0.07568104411658248,1.0037446323209023,0.09409359417085149,0.8593326487600869,[0.1]
2.2595497675356877,1.6418619092671423,0.5150016351963049,0.08419886291796616,1.034182787228932,0.41775966112944046,0.9456562130758337,[0.5]
2.647076411959941,1.3252102743640441,0.43788966178380884,0.09321780927532888,1.0947115674321553,0.2186540255114943,0.9072194292991184,[0.5]
2.4640470637089247,1.3604044690029686,0.6480571367809846,0.07712005607372005,1.0502381765591464,0.4836463779815281,0.9820193690999527,[0.1]
2.2740636683884627,1.568002409067663,0.501148418676425,0.08349475544984455,1.1093545316966753,0.34886721871464993,0.9190679056037607,[0.5]
2.637426703567761,1.5131953465102845,0.4606236914778498,0.0879513096515227,1.0265665421037666,0.12002628051406757,0.8919634428504684,[0.1]
2.3775686380096577,1.31891840619533,0.5275876039905035,0.09453894282770166,1.0920119515620947,0.24392105895213753,0.8692007705611261,[0.1]
2.6143302693289217,1.591928366051646,0.4230719054913861,0.08161000453951776,1.0241605884839586,0.28033782906327465,0.8915360142602676,[0.5]
2.3171495936372826,1.5141621663529938,0.4049878373042089,0.07002031578261525,1.0027047462890586,0.2609679118547564,0.9180480355312896,[0.5]
2.615069431159313,1.5656457199119627,0.6237014419803967,0.06710074334115894,1.0602136818580665,0.05843414044072551,0.8609990644136699,[0.1]
2.531282834462994,1.3019134712578757,0.47582979744275533,0.08329537908866229,1.1042022290305236,0.00947350713924035,0.8318007092523741,[0.5]
2.4016608051281887,1.5904001299733075,0.4154644496477114,0.06538419159445868,1.0955477062615877,0.38915586069943425,0.8244020725581196,[0.1]
2.349917427688479,1.4859193710919802,0.6085908838536818,0.06770156372882874,1.138395271192829,0.3302859688186354,0.8001427314073785,[0.1]
2.6914062895262796,1.4146670298169282,0.5493351386489617,0.07391259644582635,1.0390280693542167,0.18095751869206356,0.8964271902745248,[0.1]
2.597264680499981,1.410756138053675,0.45663919589913043,0.08428833451241435,1.0031019572184305,0.12454345773740912,0.853880281051802,[0.5]
2.3807243272305962,1.5783835203813603,0.4142971945986372,0.0883525509708917,1.1123197805777811,0.1750150357807694,0.9731407486230923,[0.5]
2.6486561849602928,1.6269268277245212,0.44155874429562253,0.06756836656904812,1.0740927856097544,0.40117183109658167,0.8059976344954369,[0.1]
2.3119884670638293,1.369799361402093,0.6065531207095465,0.07096789029118197,1.1340520842193027,0.27281041024752,0.9468201168932602,[0.5]
2.438797672184685,1.5793272682783812,0.5855782010357965,0.0893098311877343,1.0502931780145677,0.43972908605610556,0.9129065054847029,[0.1]
2.4407141341761713,1.5364577992541093,0.6442265828387511,0.07951423041215396,1.147902483053801,0.11251914771146133,0.8357994145597379,[0.5]
2.5466606024513982,1.4966236598945113,0.5320840769601671,0.08206370363392326,1.081540460641763,0.2173370569025268,0.8715507109263572,[0.1]
2.217848140770109,1.5450298397043056,0.48845281521391654,0.0674331496292339,1.0782769642752752,0.13135202773671203,0.9352032632738654,[0.5]
2.261580900438588,1.466542674472914,0.5081202191348315,0.07223125190376072,1.0668821498850147,0.4888115482441,0.8896983705816139,[0.5]
2.416331928632739,1.5172629057475293,0.6022730267704332,0.06520975558091179,1.1155027981660381,0.41692534801375836,0.9713537956740801,[0.5]
2.4091235170861185,1.6155204171208082,0.576244598076815,0.08791331871657192,1.0989687863175255,0.44255384135468023,0.8167082439810651,[0.5]
2.6615469298698153,1.4318123584358193,0.4537690284471636,0.08477958596884683,1.004859270237423,0.40527465935524815,0.9783115789932566,[0.5]
2.6333605959264084,1.6319801744217983,0.4343980867367085,0.07909212866050326,1.1117389233306014,0.13751336535496747,0.976685455098423,[0.5]
2.5040798937764097,1.5017794993716171,0.5300410287868609,0.09241505570686376,1.128528139969989,0.03888236921914868,0.8796279616836195,[0.1]
2.4948360272603445,1.535923230989103,0.5940348942780961,0.09261835629739147,1.108210004215624,0.030007583597984687,0.8552587488606763,[0.5]
2.2067007325989585,1.4256880230016047,0.5258669091187149,0.07518597675563136,1.0322881857693482,0.4077729778860254,0.9762733727013104,[0.5]
2.300118642193074,1.604863612824782,0.5097886874152083,0.07910549683462739,1.061128952133901,0.49563232024169623,0.9253021726316486,[0.5]
2.2659832800392414,1.5242280989986927,0.44079084348338515,0.08568589348763993,1.0056833455438121,0.16298322235029186,0.9990944283649849,[0.1]
2.392680688574135,1.4748964591780171,0.5426390905189642,0.0901657569020696,1.142889104056758,0.1622156856362591,0.8770939130732017,[0.5]
2.697570027419938,1.480000107066614,0.4419627931307376,0.0750466904354998,1.0886239812826581,0.4562948784035214,0.993951034036909,[0.1]
2.2106862236074982,1.340558161883396,0.5361967371859298,0.08717256501496573,1.0560823363805862,0.29688861330202426,0.9574183034827473,[0.1]
2.6907759133981877,1.3413106135512356,0.5481682562375789,0.08304218719005282,1.136619473184584,0.17277038550855747,0.9349509431537405,[0.1]
2.5029079465181616,1.3143898529844271,0.540025754357595,0.08909694176145752,1.1012670941823426,0.19784880813583894,0.9613896443244487,[0.1]
2.5272116124102033,1.582784590678856,0.5815559997300674,0.07009035236662357,1.0813071859672334,0.13700769251167516,0.954679474508027,[0.5]
2.267321526106027,1.445853833530473,0.5215674484626567,0.07047323219204595,1.006296294416701,0.48132563550930496,0.8559982813413387,[0.1]
2.5857662028948614,1.5704232876565947,0.6421189412366788,0.08287911406310576,1.1260076427018189,0.07339444494063976,0.9559831779307468,[0.5]
2.4181645241466447,1.5595876626114042,0.5017711299633755,0.07987536236698987,1.032074194421459,0.21907818302547907,0.9117101785304892,[0.5]
2.6326161529185734,1.3859335269710316,0.4157773897448959,0.07018328075926096,1.1034265517852533,0.11991504699736796,0.9193524190069389,[0.5]
2.3916990484643303,1.5210665096143554,0.5022477057515117,0.08898654889069668,1.1351095203188604,0.14400236012320602,0.8278843181621951,[0.1]
2.272154421523864,1.584167973087435,0.5313773163654849,0.08591150725229202,1.0690702844011535,0.4699293072778592,0.9802475053088551,[0.5]
2.4351327792635535,1.3953187077680171,0.6432872551876265,0.08556708887057335,1.0113489491397523,0.053052194201150496,0.9765828501772797,[0.5]
2.309410844593216,1.3275329437496763,0.5607995216746162,0.09208625120536029,1.0669940558133046,0.46817559003410153,0.9125338876379073,[0.5]
2.372352846153701,1.4894935253719057,0.6199118232925176,0.09277670885647873,1.1295582152728174,0.023591919264618812,0.8803366185488102,[0.1]
2.509555765567113,1.4386294471665482,0.5803564747193202,0.07498668601212215,1.054711109714598,0.2506042473133689,0.9747241555205491,[0.1]
2.3558104565449796,1.5866545102679803,0.4953361046663416,0.07015163517571965,1.0312679158168663,0.4530998330756778,0.8833503693156812,[0.5]
2.4042918401189484,1.5305229641679394,0.5397651206624796,0.07305058295762291,1.0567615133223167,0.11752662780663242,0.8683196155567373,[0.1]
2.5244157726598258,1.3046080956104524,0.5306679538606763,0.07674565492470291,1.053845872878943,0.3239265617281874,0.94083712982604,[0.5]
2.5814975843395613,1.5713333572829673,0.46684329504661803,0.06737155811651226,1.1084604158927163,0.20028910806082478,0.8883777785244816,[0.5]
2.443301639280473,1.4377249539536985,0.4856876774738052,0.08995021167295897,1.0257903918836266,0.17012379563568653,0.9317441345521084,[0.1]
2.490361683533016,1.4019054825784796,0.5296904290454676,0.06622637956144267,1.0223828454551334,0.18438595487389892,0.9745650885024175,[0.1]
2.400968814144284,1.3992044792949818,0.4944954032681024,0.06849714594220262,1.0822876935703172,0.2854572798365301,0.8489835950078094,[0.1]
2.4219979877696187,1.4943438631715702,0.6144078411095181,0.06544211286226313,1.0685573326587845,0.3729888143006373,0.8852746139637668,[0.5]
2.4368090463870047,1.3471405598474075,0.5657299007052009,0.07619650236701683,1.1329641999810316,0.012961331827025264,0.956004568709716,[0.1]
2.2172540084677244,1.352139277508872,0.55789853201994,0.0694552505191829,1.045771546607557,0.04266122717092918,0.9815295455895765,[0.1]
2.569977438220672,1.6001849933872718,0.5014842873153322,0.08788472135167526,1.1373023660732717,0.3028992247406664,0.80372522802324,[0.5]
2.438043709863344,1.3683056569772574,0.5749763301414748,0.07982946114643992,1.005176231175169,0.00458905406858803,0.9677642534069202,[0.1]
2.2675230463298086,1.300277060112908,0.5663912379054101,0.08563498169564654,1.0859012384927413,0.1828347767816706,0.9742784602360661,[0.1]
2.3535216592701516,1.51356722589972,0.4163141418753073,0.06778109628205294,1.1417045465423301,0.012271247793292276,0.9563413293534933,[0.1]
2.5399017074732186,1.3040672683464818,0.5119159411067195,0.09002176560626474,1.045209238867867,0.3020650880592597,0.8987802822630413,[0.5]
2.6500831822036837,1.554296905764562,0.4463623331048029,0.0790318167219688,1.1202349986418514,0.24893365043399843,0.992801674228374,[0.1]
2.2034506386219106,1.3798519056926575,0.525142471140039,0.0731409420207694,1.053076403843946,0.3668022057389598,0.9449004058920898,[0.5]
2.515090169636471,1.4807764383269169,0.6076743562578266,0.08776196586653644,1.0682038338808106,0.40826383287162044,0.8317471510756175,[0.1]
2.5664004296145513,1.3239475994337124,0.5809323510189213,0.08413004349358669,1.1372111915279215,0.48595161330469405,0.900763927265908,[0.5]
2.619580372688887,1.4224225316539083,0.505042893983655,0.06563769865290787,1.0718538444013446,0.1786232049278859,0.9655769794409582,[0.5]
2.6505790003732077,1.4051946894715224,0.4151416069196364,0.07930906955590056,1.108717336489112,0.35114255694230717,0.9705778963938128,[0.5]
2.3659892064468537,1.3028031117959742,0.4384259494866443,0.07578617208799733,1.038768173120117,0.3708552234069519,0.9831559014899285,[0.5]
2.3255883311815,1.5110596584137193,0.6107185914718709,0.0907742037148326,1.0519419108269867,0.04412488732941169,0.8811224459935744,[0.1]
2.2641548361219117,1.3154132091162196,0.5413352995503102,0.08407297680429884,1.146919466358161,0.22893916242847448,0.9122564295206947,[0.5]
2.323276650684031,1.306296920172435,0.5284848991258965,0.08012953888641706,1.1270961177971137,0.35721239533655896,0.8807544688630304,[0.5]
2.6314472950829355,1.4523802744951622,0.4641069188413355,0.08421933357042112,1.0746671132257377,0.48663770864833594,0.9609638039357362,[0.1]
2.215683665624183,1.5129187482344204,0.570724493333958,0.08920212992830943,1.0023852102157682,0.2990430842688092,0.9619983249620555,[0.1]
2.6299216371800003,1.646336527701634,0.46302328910815543,0.06803877644527492,1.113495955897109,0.4064066731522819,0.9936589979511972,[0.5]
2.2091399026988916,1.4837342654820613,0.5782066995605285,0.06655040147837132,1.0963800041762897,0.19621527698983643,0.9206875859284395,[0.5]
2.588716989513185,1.55115385295669,0.46293029524638823,0.07542445414381845,1.0713817095771898,0.4431253643151155,0.9910094133911165,[0.1]
2.6381088841131604,1.4105216183330658,0.4391658984527921,0.08023899207608995,1.0289546325282466,0.08371895219730369,0.9295836879106907,[0.1]
2.5960114071506064,1.3503789413079335,0.5552705109244085,0.06826161243194914,1.0164883143140877,0.24168767709639252,0.996420752919288,[0.5]
2.219826737234413,1.5428081395234479,0.4924221831457568,0.08029797227165658,1.1290741888224634,0.47982921595966127,0.9031667773119592,[0.1]
2.501553429114409,1.4666674596280207,0.5017161072004307,0.06965259159851339,1.1125886608951687,0.38654270644301486,0.8703832803985361,[0.5]
2.4544516779296237,1.629439076074739,0.4100714015151228,0.06761728269373452,1.1214632810857592,0.2536260351741404,0.9012974256445171,[0.5]
2.5494512831356344,1.50640188331885,0.5362881274769836,0.08382723088096397,1.0418088867679534,0.37873254924023675,0.9775339575456203,[0.1]
2.534900946661512,1.620827020336589,0.47945857310323287,0.06753277459033404,1.0471934667567042,0.14898028761996462,0.989756776511981,[0.5]
2.5298610336457514,1.394541141763646,0.5594854273946216,0.08649056067187771,1.0373708462362843,0.09003959542222553,0.897503165242464,[0.5]
2.3144822220940515,1.5661873443222905,0.5030875178653194,0.08007985155618932,1.116375720357446,0.47776468868969507,0.8809675433661581,[0.1]
2.6482715496529043,1.588751789445929,0.5464592646255524,0.07548094165490024,1.0664200771472858,0.46529076430595234,0.9510505153566262,[0.1]
2.303819698085234,1.3248887573732695,0.6337819456941224,0.07791852225766055,1.0718357891325923,0.29632856681328396,0.8631626846118248,[0.5]
2.246180767729009,1.5882231717576625,0.6349958843209677,0.06533101486139693,1.0331479746002816,0.26923627524045235,0.8369136808457981,[0.1]
2.5125550491379576,1.5469798979652984,0.5811087074872332,0.08062608135870651,1.0253421301272378,0.014079887294363005,0.9121742313935138,[0.1]
2.4841716279806967,1.6317247593217443,0.5813047660218261,0.07774775838644499,1.0928453079435898,0.13531036032450525,0.9720266095953739,[0.5]
2.439997403212178,1.5637312403131376,0.6431377552773592,0.09174685967434022,1.0785655098791729,0.3926448591366479,0.8972296743053109,[0.1]
2.6120370934244383,1.3868991168363023,0.40048081013635495,0.08045178510035894,1.114691048292208,0.3276858672130837,0.9391649086846339,[0.5]
2.665389809625633,1.5822207906160994,0.4046735401867884,0.0686600930737708,1.103183649706033,0.2577179964426882,0.9185632911635292,[0.5]
2.6745698670641396,1.4839245182748653,0.5744777322436214,0.08177813991826838,1.1233833655541163,0.099458657174889,0.8095030999514027,[0.5]
2.218708153853223,1.5462479368286446,0.4280997771900618,0.07817888294595715,1.0237015768959778,0.04972118749458033,0.8671118844395832,[0.1]
2.3515431181753534,1.632841922124131,0.6092409659067399,0.07139067817007665,1.0605180890975603,0.10347411167029932,0.9576679279292784,[0.5]
2.298946975782457,1.5035590095789055,0.6205840540259464,0.09017539500027676,1.1243718998110546,0.18380661041871058,0.8226039741947122,[0.5]
2.4311646908560633,1.5449188988665037,0.5068229351223904,0.07038591763056,1.1277954357138362,0.17347767103737308,0.91454082454537,[0.5]
2.5481560098661427,1.5836887079986872,0.6310889744239135,0.06938999975501514,1.0659928649822854,0.14029270755201614,0.9114634286419314,[0.1]
2.297027048340065,1.6407660281059506,0.4798559097076618,0.08549197786450688,1.0775432109637089,0.37351190593803973,0.9535090449149763,[0.5]
2.2919161321409653,1.340622409891265,0.6048063674967437,0.07116040998505416,1.0038740400150967,0.17378086381999325,0.8248828725457594,[0.1]
2.653553612565714,1.3302571789050666,0.5564777239850021,0.06527373753294376,1.067453293163986,0.05741421456251513,0.813671435065342,[0.1]
2.6798548954292993,1.3208293691280417,0.4330080066761638,0.07023673897678426,1.0935440270868604,0.15322478906224546,0.9472585870692729,[0.5]
2.357483449605624,1.3976710764250402,0.49463536470743846,0.08798887190031787,1.0768601885010358,0.3169178853760126,0.8256010621495813,[0.5]
2.2786636854536084,1.5008055723733458,0.582952116264295,0.07666730885913545,1.036066348725583,0.20839444946070487,0.9247158217214834,[0.5]
2.243696763117715,1.5116388381784143,0.4097267948248449,0.09268075342580526,1.022620400793128,0.040727366950360055,0.9579155218050344,[0.1]
2.2823068627106267,1.5385571713177615,0.41364345080771314,0.07945018419274724,1.1080360300523253,0.2267354139637969,0.871197749236145,[0.5]
2.2718875471870223,1.6480415700709918,0.45054015508678297,0.08888769755867118,1.0133315468091086,0.26174974900555853,0.8731069046427301,[0.5]
2.6638155181316123,1.625609630774469,0.518719569797486,0.08152850157751836,1.0006534786525487,0.46139973211400415,0.8689282795634427,[0.5]
2.5844290987313148,1.4435525354854029,0.4933985564341998,0.08275424602104774,1.0711022560691361,0.006696168044664569,0.9321555565967783,[0.5]
2.2238147808916655,1.3236136635029299,0.45566085811764395,0.09124509327115651,1.1431257850882235,0.39364667430977607,0.9867478816549827,[0.1]
2.6149936807595546,1.400854269157737,0.4319444189269272,0.09406076812794752,1.0628663931463413,0.03840172974731504,0.8404647311839992,[0.5]
2.2832139456286655,1.5996804243456655,0.4661083465407182,0.08981016021794559,1.1184113567959537,0.04828978358534423,0.9593408005537511,[0.1]
2.4681399234264814,1.505307180114886,0.5857623546415305,0.09449936425211417,1.1028085401194878,0.19685515899582345,0.992003290205216,[0.1]
2.469253258327328,1.5675891090228888,0.5213824515053181,0.09414917666472636,1.033643066657104,0.24959252523060252,0.9371728898751498,[0.5]
2.6712777774331866,1.4792001194861788,0.5913332403947905,0.07467170711267483,1.0467329513532264,0.47710138866016716,0.9685869074314057,[0.1]
2.252092804861303,1.4265728554132466,0.589387370887853,0.06823091686505724,1.1004315552692918,0.2816710105325648,0.9581999268745023,[0.5]
2.2977389959696186,1.3524302918154347,0.5864442393326772,0.08904685105859315,1.0849668721332097,0.10012878833209667,0.9297599929747837,[0.1]
2.3590762422752625,1.4786473816071264,0.5919672456532163,0.08004699427251145,1.0479901606849404,0.33551661895371054,0.9537693716326917,[0.1]
2.3997373985190555,1.6197893167023607,0.6462299370507905,0.08313305078556427,1.0155409922075898,0.0509407378722471,0.907583785153858,[0.5]
2.621932075615604,1.4119064660571945,0.5455048097204744,0.08141879253856342,1.1023414864192145,0.3240117765236756,0.8043630813969402,[0.1]
2.6354590517926626,1.5584127102871594,0.4064309538166185,0.07589477290502884,1.0342143032436943,0.36723737453394745,0.9657218160450024,[0.5]
2.425529760693318,1.4949992657002036,0.48853181381637917,0.08747972840729196,1.0715471901938654,0.07578273530015439,0.8844156935531716,[0.5]
2.2323185768950524,1.4701322639965182,0.5171796738878881,0.08891660771613442,1.129856336695977,0.0007892067264434273,0.8929641376002071,[0.1]
2.2575332566187183,1.351575338685736,0.5315279215616762,0.07032891010967196,1.0942004591538463,0.32508220100040547,0.8750550232891106,[0.5]
2.236549508133883,1.329808183952075,0.46116418341235554,0.09249561243220342,1.0532385473118238,0.34435049241591076,0.8579208195487422,[0.5]
2.4461144302747733,1.3441368205408448,0.4616448254729108,0.07078509934281384,1.0262641074419052,0.03342819955424205,0.9274783530362698,[0.5]
2.5208000939777686,1.5743491399296565,0.6273470602161495,0.07352225789074131,1.036263763795027,0.3015264130343559,0.9724953633126621,[0.1]
2.466741486180977,1.3555925825139705,0.5757295546536294,0.09034897406814765,1.1267430578487547,0.05777581129950174,0.8749303778884385,[0.5]
2.6027991565130213,1.3663291228220165,0.48896621485686903,0.08222842312444205,1.032954139343099,0.23861819991197653,0.8872632272202331,[0.1]
2.2359930727703987,1.5286142018460918,0.5818453002266273,0.08955180168644156,1.048474630949533,0.06289488882062762,0.9238812937759627,[0.5]
2.548585155036114,1.6304280150306425,0.5868690848740634,0.06610771800539626,1.1020505981717073,0.25908591488341565,0.942542705203308,[0.1]
2.3673583199344206,1.5351369540628028,0.5875367941250637,0.09323964291538059,1.120819395787852,0.3345857285470237,0.9355508103507828,[0.5]
2.2285251899182126,1.582867264377513,0.6120746261360341,0.07595426403394337,1.074799423539823,0.36182030998676945,0.8191980766231104,[0.5]
2.57556894394776,1.5935029194603465,0.5057789511488306,0.06794525337621017,1.1311349040589065,0.12581824001276198,0.8934424094908853,[0.5]
2.3310235087718056,1.4287498001290773,0.5093010683185363,0.08322682934419236,1.1309119471416162,0.08048434792731132,0.9538142197052085,[0.5]
2.521568555002741,1.3961164299551212,0.5795261726381182,0.08704058790480258,1.0540502881525053,0.3308174948692699,0.8133329963422798,[0.5]
2.420112280438131,1.5810005280625503,0.5254788809317783,0.06592287069813277,1.1057280469474886,0.42087849909578035,0.9836153231273467,[0.1]
2.4801910872662987,1.4638327158634297,0.5339268264287821,0.0712671726384739,1.1254951210824964,0.25606019813314285,0.8499943649708366,[0.1]
2.415771194158859,1.5814894154327859,0.46711821329756986,0.09076729050517074,1.0883899205889904,0.24793620239119998,0.9826109955983489,[0.5]
2.306677383954043,1.601344896988762,0.5042156844539523,0.07121547567974008,1.0571412680307914,0.12847901081573668,0.905582684951433,[0.5]
2.652124742833196,1.4233171583093245,0.4595523043639196,0.07235714345348185,1.051290277296351,0.3983763834194875,0.9848142595549532,[0.1]
2.413648054004247,1.5947080106807696,0.4082682789647361,0.0660221925021178,1.0339884392000043,0.4707321404377158,0.98478656371659,[0.1]
2.6012327946531113,1.4353694476887437,0.6194118933944913,0.09394251686749656,1.1112299536738761,0.38253634306162027,0.952753939854788,[0.5]
2.2855234169760914,1.4296269673007425,0.5406574132759435,0.09468491152410963,1.098685450553267,0.41234445469005887,0.8035922857205942,[0.1]
2.2947628809172294,1.3748710814484595,0.6164191221761879,0.07635223267822767,1.1017206581121177,0.3508857337854915,0.8949274375548968,[0.1]
2.511856879093252,1.5264639157693847,0.641141706057069,0.07529571526602875,1.040477529354057,0.36626930343672554,0.9015064907304307,[0.5]
2.574663679142784,1.4041626381558465,0.5982004107355511,0.07559165585595215,1.0911444209848637,0.19343752576062367,0.8950916635489762,[0.1]
2.4705996705264424,1.4369582108410732,0.6095999980779295,0.09397953489976255,1.0977366015392689,0.4782239187730388,0.8512472437183984,[0.5]
2.2455322328661427,1.5602437142309669,0.5504784430009089,0.08460691840365438,1.0358738247503945,0.27440595272869406,0.9063355075226751,[0.1]
2.315463330744573,1.4643813520544402,0.5206401463097998,0.07716555881452264,1.0533177272676582,0.4851574772111312,0.9839218049323097,[0.1]
2.2328306911825,1.3892425198975764,0.460124775073542,0.07898392414140129,1.1225373500842335,0.2977966237743739,0.930817391252958,[0.5]
2.674130893486152,1.4929512465839605,0.644998047531136,0.07365692525343913,1.0535665702604649,0.3756388932962756,0.8287296222962861,[0.1]
2.5651904583702403,1.4305976842303023,0.5533628255865437,0.07061436705470367,1.02868947185731,0.001001643322870125,0.8639317669643516,[0.1]
2.3826845391445026,1.4182947522026976,0.4401152108406191,0.06792589582475406,1.0640081829331474,0.2931921919817129,0.9300557464956465,[0.5]
2.2920468696342557,1.5196372071179605,0.5695719670392893,0.07975461341160522,1.0783520552693622,0.18993399934004346,0.8772408114302206,[0.5]
2.2124304119308746,1.360926225720149,0.5731277010269511,0.07997260125159128,1.1326202215107428,0.26682329817451417,0.8342542130647388,[0.5]
2.5760005766124197,1.6019612878360312,0.4720527511817712,0.07281838701068746,1.1499897690776202,0.4788596021720176,0.8521681651376931,[0.1]
2.3482273969194285,1.3783467624885317,0.5318488227502151,0.06667517275217313,1.0099641889157713,0.3563280447070483,0.9208482945123659,[0.5]
2.696088098501419,1.646026830913234,0.6026487428139624,0.06733180646469397,1.0577959368135263,0.07803612723552882,0.8495858979803949,[0.5]
2.321233052284873,1.4516052121002714,0.6188807796070033,0.0687910735816571,1.0460052847605985,0.2876916012098515,0.9426358692401633,[0.1]
2.458164209092073,1.5862589228088182,0.6465547779481379,0.07575434333837212,1.0617088091868985,0.41430061696502174,0.8327037061067445,[0.5]
2.32859017894496,1.3282636500200242,0.6070993805918912,0.07373944015920107,1.14770560838111,0.2634397159163744,0.8395682190824763,[0.5]
2.5682612839606866,1.4552797089620175,0.6402130210345194,0.07940320939867912,1.0166114688909,0.42699983530508634,0.9177369983575348,[0.1]
2.3428020325346,1.5564671500529998,0.40916548745307557,0.07683330860808843,1.0377898866938469,0.08896586573596617,0.8963490329000791,[0.1]
2.6677365366229164,1.3362935120654575,0.5292427846546239,0.08963343281558471,1.0698572208261548,0.15024968174439432,0.9683806791463445,[0.5]
2.5996629754765808,1.3989665296916067,0.6328470841932141,0.06987424368625535,1.1121202277007978,0.20305003425472173,0.962905412852549,[0.1]
2.249199379164948,1.6175401734334445,0.6228822313941125,0.07833096864068749,1.0702151305638108,0.17820501605559252,0.8824604677366418,[0.1]
2.2854607501491593,1.4491164548347721,0.5712041958001277,0.07681059616264421,1.0759888502390593,0.4405914821897887,0.9811406700478488,[0.5]
2.60028631489433,1.3676111458562186,0.4802389868416341,0.08637399023296413,1.0666443833503854,0.4842667441540391,0.9870254939794783,[0.5]
2.283646565172353,1.518340897689993,0.453215919086609,0.07113097709959303,1.0705854802211283,0.2637300276164979,0.9508766807366982,[0.5]
2.472755694954682,1.3840556005902787,0.4842273634784866,0.09045286183760827,1.054175756866552,0.11848963570029047,0.9282569121709681,[0.1]
2.4848338856729195,1.586648655132742,0.640914693819036,0.07232494072644093,1.0437879654808215,0.47554157368439987,0.8019139970639999,[0.5]
2.41685751165629,1.640922596684777,0.5889504947358037,0.08297662568671213,1.0788210344249665,0.2758423818801967,0.9076643346637288,[0.1]
2.6855607287304863,1.4798782497131395,0.6209953637925327,0.07177185242655693,1.14455062483352,0.3158658992311867,0.8599622353508293,[0.1]
2.455134549065111,1.6131242733397757,0.5903532642352226,0.08319345871917605,1.0288275980593653,0.3476667817404103,0.8254356536870786,[0.5]
2.5824752497394328,1.4762729662533525,0.5219310621421441,0.08281375504937236,1.1442024909880415,0.031585796734496824,0.9824451194160997,[0.1]
2.293273077062541,1.5396468938981263,0.5156583076095776,0.07266651510483134,1.0442516102680104,0.020459637702078266,0.8391182707475091,[0.1]
2.6692108495593954,1.5158243755438194,0.5340607451931374,0.08723056625223619,1.021187483989825,0.06604436134912546,0.9880871774439964,[0.5]
2.6974325521989555,1.3108700347019198,0.5647014018402794,0.07991613442706838,1.0834609038931051,0.35679660132378505,0.9255385886128675,[0.5]
2.4635471501321855,1.4464529071277534,0.40580790291183216,0.08094021683850108,1.0301661870211325,0.0689483236044711,0.8314615655111581,[0.1]
2.2847646125279297,1.6212324463225913,0.4571399620244543,0.07390942191556925,1.1221421207487778,0.08300631987149723,0.8594300932066969,[0.5]
2.6606430407862485,1.3485376325138694,0.4054137578723741,0.09399852133361711,1.0052831445671637,0.3558229725493742,0.8726795408811081,[0.5]
2.2040349624191875,1.5213053828147125,0.6456154581236199,0.08699552933791355,1.057541508814462,0.11226664806570032,0.8028289973313745,[0.1]
2.56708120916582,1.3347265099456953,0.623757223872234,0.07516132347637693,1.075061203674182,0.49455327274088584,0.9161953874687364,[0.5]
2.523092200655401,1.3638222294580153,0.5033554359540836,0.06836128966491176,1.0675906918688491,0.18530446799929529,0.8851272833453351,[0.1]
2.387647668112395,1.3225961762586584,0.408641721039942,0.06859435036542987,1.096517554823596,0.4448933647842576,0.8876755668128217,[0.1]
2.5687773113983825,1.414046674046239,0.47400185950398666,0.07698829483944583,1.073875016071804,0.08506323668744163,0.8502583244067767,[0.1]
2.528068574035987,1.5442130214126801,0.5547045645204394,0.08184044059219492,1.0872426748691797,0.4927325763457365,0.8008497604711969,[0.5]
2.630030160826544,1.4413484895365487,0.42404025072758544,0.08387632958576632,1.1273322740024365,0.4092243807951002,0.8006432220531171,[0.1]
2.3647574456190306,1.34768903290575,0.43228461305086324,0.08199819017091096,1.0066244314701773,0.3875938330537042,0.9369762791777396,[0.1]
2.3800881601817165,1.3949069933386136,0.5878954447547993,0.06919353226966228,1.1409743588313703,0.4190737088427372,0.8761333027986552,[0.5]
2.2901959305499346,1.5781739213937573,0.5676450623952534,0.07277579538885781,1.100669465758555,0.14532361714849146,0.8716439130848872,[0.1]
2.3087356647463917,1.3006515094954414,0.4697593833093977,0.07724904699183799,1.1334468044182175,0.060519306057752756,0.8563799699489485,[0.5]
2.4623457644249043,1.6374026244323474,0.5617278704369075,0.0936941708540522,1.0250165708277312,0.3061522644806794,0.8365058811254684,[0.5]
2.6391419878047175,1.4173335107324116,0.524921312246988,0.08599530897339462,1.1188920336482264,0.46498127853338966,0.9081513096877885,[0.1]
2.6493991398545633,1.337086422886315,0.6271091352909273,0.08711658324529958,1.0016216277469432,0.02553843203384781,0.9899316545730645,[0.1]
2.4131835564049884,1.4916080209163498,0.486354354525366,0.08380689459456284,1.0432749509288999,0.12312508140811784,0.8385717155359252,[0.1]
2.579968325323293,1.4925769682436294,0.4326532630693226,0.09328118939769402,1.0222225658002506,0.13808954976712567,0.908678600528668,[0.1]
2.4511052455569553,1.6033972329307815,0.6418999831375493,0.08820736035314107,1.1243261272953868,0.11929837800162325,0.9707264738020547,[0.1]
2.3849259087642833,1.4585620316970023,0.5699827964875567,0.06532628124609077,1.066004972288995,0.27352483664706223,0.9553329207681656,[0.5]
2.461695717553959,1.5294466339199586,0.4252619886906299,0.0669761476331716,1.139983245228965,0.48498758276013554,0.8259584797838752,[0.5]
2.4954178340368802,1.5580217302565946,0.5519565907758026,0.08868617616723205,1.120130579590492,0.09511199223587681,0.8632657538984625,[0.1]
2.219410223294871,1.4681313054516827,0.48789436891791843,0.06556093428773378,1.009355550275554,0.459057860673634,0.9109060907676088,[0.1]
2.5102330870455662,1.5913413089057606,0.40344761155172315,0.0900880342048876,1.1061186343554512,0.05667162888150318,0.9981093863636231,[0.1]
2.6648949799167747,1.4067878922980144,0.6104506415959168,0.07741251700210952,1.0618954583740177,0.03951347352537772,0.9996896236198558,[0.1]
2.2885802816840948,1.6127983543100048,0.6277447416924959,0.07196802939877939,1.0324057450914998,0.29455259086641206,0.8619924668143715,[0.5]
2.4829046088409874,1.4986938087084893,0.6247031563867544,0.09386647749987562,1.0167579619120792,0.2925170681920789,0.8912950220249105,[0.1]
2.5636061279217026,1.5773117381615889,0.5265344214501693,0.08773617843260409,1.007575664773911,0.402226261410197,0.9203781763203108,[0.5]
2.6957730516420586,1.4502829089689464,0.6027841393986748,0.06947874475199917,1.0067843288409755,0.38385359206151115,0.9231105516363588,[0.5]
2.3263055376744917,1.5357350517199466,0.6222174593029876,0.07316992466497478,1.0041660621660562,0.053917738079271436,0.9804261101623231,[0.1]
2.5932054275340386,1.6345068154518665,0.5388790120526019,0.0836024767323027,1.0138338873602486,0.3076161213505756,0.8575814952694059,[0.5]
2.651614621816251,1.4905824706547621,0.4845383309687618,0.09171873381156412,1.0891556067208972,0.14686620938133582,0.8229198045733482,[0.5]
2.699912659703114,1.3394146260657023,0.49191103959253285,0.0765127771675743,1.1048861011601183,0.24419673703770278,0.8149133529226881,[0.5]
2.313276329571567,1.420283720316391,0.5371946532537132,0.0783890155534131,1.00659799946909,0.36944922370649574,0.8472865565221942,[0.1]
2.517356432818225,1.3427809119517373,0.5007521075825022,0.06513403745739756,1.1456495893150793,0.05419929803330885,0.964648829366362,[0.5]
2.255878588324035,1.337377005913054,0.4678039516183762,0.06644206512488557,1.0498296125481261,0.44680807721988886,0.9008437853411494,[0.5]
2.6807951916910047,1.635840239040071,0.5242165483626244,0.09494084563652641,1.0810264600724024,0.46339573850961097,0.9358710209790079,[0.5]
2.334952463788158,1.6173986782857432,0.4711074222901601,0.07924042799820148,1.1113245211004863,0.2516961180206946,0.9344287749816611,[0.1]
2.2869434861484654,1.5025363021875566,0.5833999566872705,0.08886902299981599,1.0079141249036025,0.23964638444973727,0.9419642141152004,[0.1]
2.230805641091917,1.5150645171027404,0.624085870403011,0.08673054874021506,1.0616138746506667,0.2182669908594279,0.9571326413296111,[0.1]
2.60318549972939,1.5326340483495609,0.576437539127371,0.07690960340725231,1.1319880289188458,0.03909393643410919,0.9311520441991805,[0.5]
2.39752450688991,1.627557677734719,0.5127664440034332,0.07336431014818123,1.11476719500783,0.45363567902332685,0.9776357801087336,[0.5]
2.21485519818199,1.5423428739745317,0.4755954485357516,0.0887642038960779,1.0073317296051414,0.3957975456829081,0.8529549982712726,[0.5]
2.305368255057186,1.6135580151147342,0.49717365239768935,0.08732015159431226,1.0912461557672148,0.191204935069707,0.8272399785212491,[0.5]
2.4567680129206657,1.5798192489323741,0.47898789067204206,0.08858768972797738,1.0969964038848161,0.36208341221661816,0.9235174616962454,[0.1]
2.3182819829504515,1.6233455711314615,0.6001201797494895,0.09113105321889862,1.0962630918123577,0.4549043969318214,0.9832313685594443,[0.5]
2.2337446588814416,1.4275532873634216,0.6181045928168544,0.08531578921717718,1.0528888129754244,0.07674682520491183,0.9227834372456012,[0.1]
2.3451635340219092,1.643933171566949,0.6369556193708918,0.09438412595993173,1.0877237734416205,0.28331721107317354,0.8470901158956535,[0.5]
2.4317227288828835,1.6349505097957322,0.5846961424999241,0.08655663734431064,1.0092919424992735,0.07709517681574284,0.9548828906068721,[0.5]
2.389171220948231,1.5094833303622912,0.4573675398899338,0.06678645650029254,1.144399908035038,0.16719772875816305,0.9163166144560502,[0.1]
2.613565929110272,1.633781707607159,0.5420770640163761,0.0780370748807533,1.0638634783761345,0.10450529822867638,0.8907523833777281,[0.1]
2.33261882090803,1.3382567384417103,0.4852279030871755,0.07417141612656303,1.0181974923201644,0.49187240630664797,0.9376063448127558,[0.5]
2.528723968317913,1.3211736356219201,0.5618921178002834,0.07551603423041238,1.0973624054624784,0.3364882911505747,0.8156060558827187,[0.1]
2.351284791174932,1.514307558590981,0.5302999231520892,0.08064025869803793,1.1433264484138583,0.20355482720919246,0.8427130631359131,[0.5]
2.5691096245244327,1.3162523835194238,0.40671643708224037,0.09193010416650038,1.097636591456569,0.24522936559025862,0.9517700152542427,[0.5]
2.343222293988696,1.4347600841463772,0.5714970752128592,0.08168851493701132,1.0716694366110504,0.17948276017824819,0.8046743774609707,[0.1]
2.2388488646428706,1.4121723944435245,0.44798622752252226,0.077557182743014,1.0804634585210646,0.32606264482531905,0.9278305681942538,[0.1]
2.227039050896261,1.3170036242639396,0.40613774284074444,0.09349972286052528,1.0558813905170485,0.3907454526403274,0.8402889731973674,[0.5]
2.36995892103959,1.5553912614335907,0.5996434892915465,0.09389518752035755,1.0009520253730773,0.3525976530478997,0.9331795287448477,[0.5]
2.2059910817079835,1.4211267317947964,0.49257022464487416,0.09132919310831451,1.0014242697222615,0.09299512658785679,0.9000433038519433,[0.1]
2.545871440135126,1.6214043721102056,0.49837188735917043,0.07505999485824774,1.0894641107644807,0.015737379847025536,0.9118818428025224,[0.1]
2.633955854632221,1.4969403243009227,0.6132277596440092,0.09459864641054117,1.099137747291735,0.23791693120663046,0.8484589119321287,[0.5]
2.654705601055338,1.4815277355657268,0.46806205574298865,0.08288596286971411,1.0518826216637107,0.02180013002124914,0.8823291117588257,[0.1]
2.618338029460667,1.6389236271907979,0.41654187228575673,0.08439991926887985,1.0080116922498465,0.48259167944400955,0.9488033331441548,[0.5]
2.4295128109746944,1.6094041077539871,0.45498389281534873,0.07026208160431818,1.1322982402302078,0.49695312713699247,0.8307701130759032,[0.1]
2.587166339044445,1.3767759251000395,0.6042375082792515,0.07692694716779583,1.0210304964507906,0.20277473047532601,0.9927934523857416,[0.1]
2.2874851417035753,1.4717567222318808,0.43153432480310905,0.06578881282701256,1.092360039113971,0.18922495800912362,0.883519715213225,[0.5]
2.4632780917121684,1.3066944927686792,0.6110181690709282,0.07565430029844092,1.0299807314781613,0.3713589395260806,0.990219075498508,[0.1]
2.598024407916301,1.5712458342467763,0.42341390376864996,0.09372684586277501,1.0630897737778844,0.15298568656102676,0.9057510104562067,[0.1]
2.216045529505918,1.5901044680586587,0.6224875431568062,0.09446864825330611,1.019173567176854,0.029351157433388148,0.8182002157018254,[0.1]
2.4229224611274085,1.4115198765879127,0.49489818509831396,0.07828822294821125,1.1451265881127353,0.03490432068840231,0.9982365826993433,[0.1]
2.242689778036341,1.434672070180881,0.6351197033690488,0.09219734717430754,1.059711328457262,0.05903320279914556,0.9130918155121753,[0.5]
2.604375686187643,1.5368816704245951,0.6203885611316099,0.08072831139912734,1.0190448936219778,0.4501432902346066,0.9491367442373541,[0.1]
2.437000264724913,1.3328349689687806,0.4295619312799365,0.07851826447114113,1.0627197699601876,0.33809925988988887,0.975160169164438,[0.1]
2.4480057657885252,1.4631031565623063,0.49293891426463954,0.08128251305341311,1.0250843131574912,0.13159780500409432,0.9319122429040854,[0.1]
2.2495225192673476,1.5884684178303785,0.47663809909418675,0.09365403204319114,1.109001547100858,0.06046911507146501,0.9637986308726079,[0.1]
2.4223740606011206,1.48045780856458,0.608075644980433,0.06943931094829514,1.0842227838140273,0.03543939042863005,0.8753749908023767,[0.5]
2.440134728133581,1.4822234160514394,0.47294641428811063,0.07857594713404444,1.0371385407304379,0.17225294022775328,0.9292132456645481,[0.5]
2.617952245304014,1.3720569116308108,0.5522421502042688,0.08220183002244397,1.0918341188906378,0.022755084599946938,0.8661180939191429,[0.5]
2.3749853224793385,1.3276613094819525,0.42883957863054695,0.08462522645811862,1.085684552867576,0.43555751270091925,0.8241791882074159,[0.5]
2.658201093371381,1.4097974035701748,0.5001018956474821,0.07886296642502232,1.014449018407519,0.21346916384361808,0.8201753875105954,[0.1]
2.480964823728851,1.3658550922266786,0.4430033407010176,0.06952513217740341,1.0742943790126924,0.21659598759714577,0.8142097236396882,[0.5]
2.561625667719353,1.646930350121783,0.44230547250864616,0.07795726474894939,1.0353493268652998,0.31607241977827794,0.8868524265787543,[0.5]
2.3195794221348054,1.4558717498688791,0.5681166487175889,0.08572676327647247,1.0776349146854844,0.342519026404487,0.818590726969489,[0.1]
2.659953157333881,1.4880320203574258,0.6414675423014634,0.07861050898061797,1.1172540396347737,0.22532245086172945,0.8026282654698801,[0.1]
2.3390643737880974,1.3499186984134133,0.5189821068173766,0.09299365424142078,1.0996349136700343,0.0002764266040741312,0.9346692190076,[0.1]
2.5848001063791743,1.3687580532227095,0.4413990565420529,0.08307562863964116,1.013394498161435,0.23579247378783436,0.9587191889969365,[0.1]
2.6923539224440365,1.317728908703403,0.4626430789010201,0.07045316235674932,1.032119346600929,0.16779990752714594,0.839734345813073,[0.5]
2.6378882330453965,1.4908886440954772,0.6249879260601989,0.0854608586894333,1.1206006235083759,0.3784293969204441,0.8285899465665272,[0.5]
2.31036715418263,1.5480921129682483,0.5164742692959919,0.0837053635469013,1.1249684575564909,0.4320070129157181,0.8507322476436142,[0.1]
2.2226734580930665,1.5746155377984026,0.4990236333153322,0.09344620398234876,1.0143113676016695,0.25867051372269934,0.8762574469218231,[0.1]
2.4703245733512262,1.5493607219365304,0.6366760936818197,0.07855148636648843,1.1000988746197669,0.4217863254357632,0.8804318548462291,[0.1]
2.3073696297153727,1.3262971921086173,0.41291048633134914,0.06671082917032732,1.006430156955702,0.03257142488103111,0.8440895155441486,[0.1]
2.594233337366933,1.6341861260427262,0.49755610749004653,0.07605789073724818,1.0314060565740706,0.05117915388610644,0.914026467332039,[0.1]
2.664231438152932,1.5897278491585318,0.6358686349489292,0.08300002521847244,1.1226561634107428,0.3118817686313358,0.9992519401599216,[0.5]
2.2474023895173363,1.5353004766897822,0.6225116010349805,0.0792030932887653,1.124067257442454,0.12915792351246086,0.8920664705065997,[0.5]
2.6673868844757163,1.3741159927303863,0.4169070528357383,0.07813616567954942,1.0779707654613426,0.2970911827526267,0.8637474415972052,[0.1]
2.330415149947424,1.5624134933950082,0.43671145507722064,0.0789400540253354,1.0902555546890895,0.2626087794215327,0.9795176435413074,[0.1]
2.4696423044878184,1.4510821309618824,0.5039376317084696,0.07340103695299181,1.1401512312730027,0.34744829678995254,0.9298463967772954,[0.1]
2.6081912876969673,1.5723452064877992,0.4429870671309428,0.0680132296788218,1.035090700764878,0.4275881382477549,0.9302452156920243,[0.1]
2.5898360189348493,1.6194545386751067,0.43362696093911884,0.08100405337345006,1.0430084830977506,0.48814485225373583,0.8493612088781006,[0.1]
2.2250961918924075,1.301693770999263,0.5792615389296284,0.06923960017747867,1.0293471741205404,0.2988748682832455,0.8197137564866103,[0.5]
2.294342060743682,1.5123829339766799,0.632745053076084,0.0806756820188287,1.0207383787095645,0.017093480372709167,0.8733428424892454,[0.1]
2.3796370874198636,1.397052714654329,0.593633390865948,0.07959410427715286,1.0700308006858683,0.3795714858118739,0.8856688637166177,[0.1]
2.60530131605695,1.309651243343821,0.5203954647087066,0.08539485063451308,1.1349655760496318,0.4334178566824627,0.8188553745950755,[0.5]
2.2572840542898565,1.6282848576614208,0.6364637854664115,0.08433788963683302,1.0556140747768599,0.15240632304700974,0.8911091449750872,[0.5]
2.540402734362548,1.503252159856629,0.543964476314148,0.08133210002960249,1.1046342383589969,0.15973146661531018,0.9194853583385705,[0.1]
2.5143261812756434,1.516104178243567,0.6039253414758803,0.0726412035450382,1.0677398713736386,0.06382367904822474,0.8004624654293959,[0.1]
2.2549750297008093,1.4385998747936137,0.4623940980482224,0.07872770232284076,1.1497605688569934,0.259829615091664,0.915825856797589,[0.5]
2.2701354056672565,1.472497325064129,0.5854403225875344,0.08760784391701033,1.0389083062123925,0.40291122557091624,0.8684437126064233,[0.1]
2.6281247348087677,1.5944676276719543,0.5247275723961669,0.07268979250769571,1.0723302070275855,0.11150152135058275,0.9211322038925498,[0.1]
2.2738208026787534,1.537795169500599,0.5273647724480395,0.07030905953949793,1.0688453132873155,0.09578033806988623,0.8554244580555512,[0.5]
2.609585253071187,1.510512320130331,0.5382793046204326,0.08487930678866357,1.0420275926657854,0.40722155284339157,0.8945687037877966,[0.1]
2.4760148639951707,1.481193451642366,0.5327391377506367,0.07926676625636438,1.008312577456342,0.028654415675685777,0.9625998848621456,[0.1]
2.3774970652753304,1.5802768369479525,0.6030904741535191,0.0724308344367574,1.1357208136466335,0.03211872773868588,0.9834933256508828,[0.5]
2.4390983105818727,1.5970667982614635,0.5047352411894518,0.09471009315588101,1.113580597098503,0.4872411505443334,0.943638248007016,[0.1]
2.2766424688364815,1.3309655278030463,0.45641813775246615,0.06641988326941631,1.1033315851897227,0.14925155587336023,0.9888613260188763,[0.5]
2.4929398770570783,1.3333397663914848,0.547722824017546,0.06515607540623272,1.0180508866915912,0.4753806167707665,0.8546860993667927,[0.5]
2.5919750545381954,1.5951507248765953,0.4790806378277157,0.07884126788149814,1.0566056052306778,0.2943417502168832,0.9471955319361709,[0.1]
2.2345698836534273,1.508767364019427,0.617681705222911,0.07189306917212906,1.0591715550716976,0.2510930501252256,0.9945914843224658,[0.1]
2.3952595297140955,1.570629182817802,0.5723324575540327,0.0857707123571787,1.087930187858241,0.19989414714797937,0.9856896794916532,[0.1]
2.221593387403961,1.3052615299105572,0.4187934477834986,0.08070306409259248,1.0646621572455561,0.3004449034520253,0.9218841265838172,[0.1]
2.6846752818300255,1.4593911010145484,0.4223731012370389,0.09478739136787373,1.0104809465799998,0.16862351382041682,0.8439518547358609,[0.1]
2.302952879912219,1.3312299395512168,0.4543891394840548,0.07916588267744099,1.0439478002839793,0.07962470561105287,0.9385177489493934,[0.5]
2.4913742877167473,1.5406578067363088,0.5060836636160791,0.09242882446735798,1.1459967970297709,0.1820843319630607,0.9464126266629285,[0.1]
2.696743331116688,1.5926886477129352,0.5350046343753304,0.09457988007379428,1.0595853641984632,0.18028370134634847,0.994263235699618,[0.5]
2.525885654505896,1.3826794800509825,0.5508098471745818,0.08934007993769924,1.09599338686494,0.17428086588037925,0.8203475384718331,[0.5]
2.3818991305471044,1.3886777252443276,0.4141710781772266,0.07097434317139961,1.1440429453082201,0.28588409725976466,0.9854254876522885,[0.1]
2.344317735305834,1.5472525191552915,0.5558562823707051,0.08545729451113095,1.0844919172800644,0.43102592234992726,0.8704556823796207,[0.5]
2.645860855798846,1.639376262260594,0.5024926193935648,0.08575184541044645,1.007711678335897,0.37674034278066754,0.876975382910586,[0.1]
2.2262243793638525,1.6421161122097034,0.4107156833264716,0.08054507101962828,1.1288714267442077,0.4820708344536655,0.8198722653811499,[0.5]
2.665604972682086,1.5000257966781907,0.4809587325003061,0.07146825153165867,1.1422476606909688,0.23912983010506458,0.9807777105965227,[0.5]
2.641332323896724,1.6104559566496552,0.5212149490124072,0.06895868585201768,1.0008696518132636,0.007127260881425707,0.9452115550726546,[0.5]
2.646461949524009,1.43938553684442,0.48364129504836606,0.06769555357547137,1.0654273650258699,0.2844412033692825,0.8567083906543798,[0.1]
2.266073322683014,1.393294649372405,0.4655142601392651,0.0681597833211262,1.1495296051217063,0.2317593383765448,0.9564331072875757,[0.5]
2.4486086377045733,1.551650366735022,0.5679331312547057,0.08311451154973332,1.1130027921516124,0.029946848538013358,0.9914416699995676,[0.1]
2.2792142351875926,1.3657902582973975,0.41995172541489667,0.07652912321072156,1.1392586173406696,0.4069293504482296,0.9261619778924051,[0.1]
2.3730006274397732,1.4469077192518656,0.42580173945764815,0.07843830533564786,1.0476292763275823,0.4735378452483754,0.8340804994217479,[0.5]
2.4561403471147445,1.4884505932140049,0.4286237696774733,0.08675562160742353,1.1083330171692547,0.39227918967061626,0.8060662165907363,[0.5]
2.415331142406086,1.377636941044427,0.5726116467706006,0.08377028812587085,1.102635430515425,0.4640777100492685,0.9808680390404195,[0.5]
2.208256361108128,1.5604224475226904,0.49939231544356893,0.08503131347897938,1.0816310894895624,0.4720203364032082,0.8744845694561044,[0.1]
2.2512095963183576,1.4341871376526927,0.6178062924675145,0.0809172291400655,1.0275232469385072,0.2824397822944765,0.8908974648037256,[0.1]
2.29295761434147,1.5401323366226451,0.48071538893574844,0.07110637570696313,1.1073133736017509,0.008010267029113952,0.8652640076401548,[0.5]
2.4751801551945376,1.3320729091975305,0.5427577173208875,0.07784162998395931,1.0025080458513929,0.276971787187232,0.845956520564296,[0.1]
2.5700697302789317,1.6225751872341827,0.4115258519662209,0.09168494933232225,1.1220909219181745,0.1590624037975594,0.947555611323102,[0.1]
2.663482956099178,1.5201420656931304,0.5149145249576614,0.07782361675706757,1.0028769524254244,0.29052209679760255,0.9413899207139631,[0.1]
2.223198310404601,1.6263706590546487,0.44413523522544246,0.08048392491463215,1.1110296099153458,0.16677366841267147,0.9873561820043445,[0.5]
2.3308256592573935,1.5874276894942452,0.6387297488818219,0.08270640608717246,1.1186216553743609,0.4800478906730622,0.8325753664932383,[0.1]
2.5613406748602627,1.5173507900555874,0.5286601878977453,0.08396768009724245,1.0465983506213101,0.06727047519759283,0.9658717083894197,[0.1]
2.613387295403442,1.4679415404771088,0.45076407608366326,0.08631194266945716,1.0002320860509861,0.3047861783567722,0.9916179483319207,[0.5]
2.314889382679288,1.5608512507352423,0.5234110573450513,0.06864276314661036,1.0229159802315906,0.4730360612508671,0.9884349835880701,[0.5]
2.5329789566697625,1.5670426618943263,0.43648222474724585,0.06810967139944275,1.0952012331545289,0.3400744829489849,0.8572315602206727,[0.5]
2.521258534590799,1.5763043460836554,0.5496408864708993,0.09090891702509539,1.036437257115599,0.15859924475210135,0.9100839825977933,[0.1]
2.5307356114847326,1.3811435145090558,0.5090427982339183,0.08120971789971851,1.016133036582359,0.14382267852822594,0.9011856416668784,[0.1]
2.67018826069201,1.4302821999785427,0.5235343537780273,0.06972945548126397,1.0446390757654356,0.019542326657690224,0.9879784020180057,[0.5]
2.2466781292974303,1.647501076561498,0.6056660241908649,0.091092077642765,1.0892579539894183,0.4134994247681874,0.8597598010869963,[0.1]
2.328353665503921,1.469328502122676,0.4870453808997685,0.06719671184353686,1.0608412834712575,0.004281624000364881,0.940334874462514,[0.5]
2.268919853189533,1.309269339296629,0.568415536098218,0.08629871664749136,1.0798161046121715,0.3628195608062385,0.9058947277299099,[0.1]
2.4359108462416543,1.4506700459990984,0.6063835289052315,0.09038776709793125,1.147030646706253,0.4941782824909636,0.9503840628529123,[0.5]
2.678910925933986,1.5393818656970948,0.4025697424406994,0.08812008100158127,1.0147724706304135,0.22025437588945812,0.8725132021638748,[0.5]
2.6707315500379574,1.3738016006299576,0.5077273115576781,0.06975556743609032,1.0509831477372393,0.06919863697798269,0.8642991793678692,[0.5]
2.3076753592174946,1.3630320269854308,0.6155850091248742,0.06980539887243777,1.139565796410666,0.08776157834007478,0.8530392396477787,[0.5]
2.5957279678543026,1.335036640554716,0.4618681587074812,0.07583866020205572,1.0298053447108957,0.023090747842428396,0.9393874091703688,[0.5]
2.3550764579476877,1.3895405234594622,0.47071003674144446,0.07705998795098333,1.1182921180395966,0.11733411956408644,0.9688196529856128,[0.5]
2.2486688059060347,1.4513296730650183,0.6492800993866124,0.07200022470834819,1.10887816787055,0.20590426538192927,0.8475352962214305,[0.5]
2.6190557806152577,1.4152410120655181,0.4435544563177025,0.07330716321950156,1.0632085125578965,0.11620485442888583,0.9617425006884595,[0.1]
2.6169925447665063,1.4783838552680777,0.5125555888508597,0.06886031061300436,1.1411382916226933,0.26767422421264575,0.877516128968867,[0.5]
2.385939734984417,1.3574188326783687,0.4465763631905348,0.08324198345834548,1.0295596853916293,0.2683693845660712,0.978784005035346,[0.1]
2.525184017933536,1.6495487672524505,0.5569070379666207,0.07662532952708759,1.0800081721682464,0.15646427510957844,0.9515533213072237,[0.1]
2.2315612766527293,1.514736924056784,0.41606214206451114,0.08753867062343061,1.0694212686049567,0.4212095648920227,0.9035731994802018,[0.1]
2.560134779663595,1.5959917254923355,0.5965689244347764,0.07228302380631378,1.1141738699327606,0.19365901298050325,0.9522462013980386,[0.1]
2.5787224248238863,1.5592597494269738,0.4038836238873511,0.0735792595501823,1.0510831794830173,0.28279939441280977,0.9225903896875535,[0.5]
2.4721791005782023,1.5411307605320776,0.49590233147046925,0.07051067870367801,1.1313985141114684,0.16996280521229568,0.9178345978363323,[0.5]
2.339866420957524,1.3329993503824393,0.4244650850644442,0.07874812108157699,1.0301316421241662,0.46620361453549963,0.8392004694875207,[0.1]
2.506959568820198,1.575942057024458,0.44888097584233866,0.06709845465440148,1.1291943201567007,0.10524714292216507,0.9264747359496961,[0.1]
2.516903503164233,1.4247003296470333,0.5967683677946478,0.09126931910073399,1.110402388987034,0.3128904718421295,0.8261624046704444,[0.1]
2.255371351895987,1.5831659647934357,0.4104882120175875,0.08145295742018939,1.102929621826399,0.31862943017956646,0.8656080617642858,[0.5]
2.6621919762583808,1.5299044051275903,0.5334636101360212,0.07835779529753809,1.0097956842594926,0.35211249093161423,0.8886254004723168,[0.1]
2.2591424699764655,1.330515962913937,0.5096892361467998,0.06669531877626086,1.0844020099574954,0.052450851377008285,0.8902279473051027,[0.5]
2.6249946444097785,1.520709760753353,0.4802955175400554,0.07346124060892094,1.1216132080625418,0.37302402183250094,0.8055065041468632,[0.5]
2.4889927025174243,1.6076163604388254,0.41311217114766424,0.08315019779834562,1.1471753769158495,0.18551694378160788,0.9382139273603449,[0.1]
2.3370933929506785,1.3197348277965348,0.5958267094092458,0.06686161913051389,1.0128029185506227,0.49045699147549576,0.8444936166320863,[0.1]
2.5739434876599354,1.5908226812813853,0.6242877131179347,0.08815731928727052,1.146376903878384,0.3762416221395618,0.8220869265596923,[0.5]
2.52763764701466,1.4410238968775746,0.44535970261082547,0.08942936820997682,1.1336515902864028,0.22310110533550287,0.9908200500412073,[0.5]
2.420739117360394,1.5509308544957137,0.6137999385770474,0.06684220357820675,1.078945322766472,0.36550121143024283,0.9950366312433581,[0.1]
2.2214559687489857,1.5270312140132574,0.5720808375813179,0.06961881816452808,1.1047298718276009,0.1027005232294231,0.8788339169988704,[0.5]
2.651338133410963,1.6114586839210492,0.6394607189277817,0.08512126495581816,1.0971509389872114,0.11879291813115907,0.9215074719752535,[0.1]
2.66104196720788,1.3206176648227286,0.4614568160104596,0.0690635036972394,1.0829080234728388,0.12783246494956643,0.9378004829173728,[0.5]
2.488456715819428,1.3624182939778389,0.6390114946673725,0.08116411066398545,1.1481132750709264,0.3862739925324968,0.9595657928169521,[0.1]
2.6540692363000202,1.4270976996884457,0.5471245164756324,0.0820314483060452,1.138242980179539,0.3992849901919205,0.8304880848287296,[0.5]
2.4497486423835624,1.3753021326586525,0.6173546012208337,0.07070242419484493,1.0625701610399063,0.4693859690194153,0.9483522190598713,[0.5]
2.6016330292190513,1.6429041561150934,0.6007690038533349,0.06648788014831661,1.1449953052116322,0.01459205154767184,0.8571751302622426,[0.5]
2.2630305968527846,1.5572911303924146,0.6288773451901677,0.07844346532994623,1.114532866629367,0.22492853033726706,0.8238270811578976,[0.5]
2.4509021660127903,1.4892611802301867,0.4013514180207384,0.09364112422858928,1.0731733036259907,0.42934958632458203,0.8461821679852084,[0.1]
2.698142138218366,1.5806107260921936,0.5055471567221288,0.09212260641471856,1.1264633641024933,0.2216677582523747,0.8075108388324627,[0.5]
2.6340104891067435,1.5587184072012206,0.53693775135751,0.06773599828747971,1.098391329538011,0.17100707928102044,0.8025754151696646,[0.1]
2.3865816223653753,1.3150257186322154,0.44866984680327,0.08236338254177808,1.0662633480844974,0.21381458557113403,0.9340802432062176,[0.1]
2.4535083522926153,1.6055857562182578,0.5526492583248498,0.07737090951839819,1.0760857202258989,0.4089464619108041,0.8354760132273122,[0.1]
2.4261542437370274,1.4781389804148641,0.45101359736172575,0.06559996879313754,1.1294356265422978,0.0893907835863845,0.8234689811570323,[0.5]
2.6794905479154334,1.4699916946481775,0.43345038022476334,0.07205932624741718,1.0108199321407274,0.2790783615427674,0.8627709950685831,[0.5]
2.3159352586100774,1.4288502521375097,0.5582780132731643,0.09155704262765454,1.1366976192512979,0.2732366176758894,0.8550183014797396,[0.1]
2.309578780019382,1.5700544502571674,0.5435908128617645,0.06716955016155157,1.1421368757949644,0.2689255739220492,0.9694628356189351,[0.1]
2.4082746804885025,1.3556975258975992,0.6160251044290478,0.09280356753058647,1.136279805766468,0.3979111391110646,0.9876844848992218,[0.5]
2.341650323367915,1.4718810996446707,0.6473870418109651,0.07598116554476207,1.026813123191106,0.20107476449372208,0.8224768386645682,[0.1]
2.5724524063998118,1.4209081534039147,0.6147788547282507,0.08838450905806088,1.1447170515583676,0.10829619203705297,0.8294030845458996,[0.1]
2.3820526383298497,1.5302986534967933,0.5952396851310184,0.094412831917737,1.1339045856961514,0.03559223108596259,0.9204683296892623,[0.1]
2.516201048548531,1.6199671154023352,0.4986106559601946,0.06568815262529112,1.1305952423813264,0.23478335208327542,0.9673397191650097,[0.5]
2.367647694346135,1.3533261161258388,0.4701669674559137,0.08831578597542014,1.0930639681646506,0.1717542693363169,0.8407626993805414,[0.5]
2.287929679981027,1.5721858561059576,0.4780885758879066,0.07988808521046073,1.0448312523918781,0.43654016040662186,0.9864062958621518,[0.5]
2.450182446998046,1.529059379942951,0.6267607757449848,0.07553903061738325,1.1002168581552412,0.32014981245430374,0.9631969873708282,[0.1]
2.585186362385556,1.3956063499336788,0.6290697215774353,0.06510265395645355,1.0922326174767543,0.06672055375362561,0.9479311666176425,[0.5]
2.6862350347907995,1.6259249197195627,0.47853492876721776,0.08521995631981691,1.1071805186525907,0.19165786697174633,0.8159290501618663,[0.1]
2.461496466796218,1.6187922725063624,0.5418640741855956,0.07324816425362998,1.0246494959935721,0.15353879612180066,0.9666331437980543,[0.5]
2.656543214119288,1.4988969976093753,0.531075497277392,0.0896298948146866,1.0280214546162996,0.39116260369215633,0.9740426489147371,[0.5]
2.2706100527544226,1.4322063082464143,0.6016608839278804,0.06806606992548975,1.062319971305058,0.06787997710879148,0.9137336057730329,[0.1]
2.497264118603214,1.383305015297477,0.6216571397827564,0.0847619033491589,1.0159912136665026,0.19459471371979037,0.8605845582387137,[0.1]
2.668552036231059,1.4416354378298983,0.4092624368747608,0.07211312416554212,1.1273538705057073,0.02101936837451259,0.9703366236784612,[0.1]
2.5508943130521473,1.5923820432388556,0.5386003953675855,0.08500162171904543,1.076525946592182,0.36046284078559854,0.9322158431796961,[0.5]
2.2390353698937737,1.3930749364919086,0.6010667540142193,0.08191556154098475,1.0175314230249648,0.10632595497545229,0.8023775113453279,[0.5]
2.3279485443728056,1.5880206723737724,0.44476755671864154,0.08258163783740192,1.0070153527513808,0.3961732818914213,0.8463847332849328,[0.1]
2.4936943246730308,1.3242199929179084,0.4120276265660139,0.0730374597690333,1.057369646117619,0.4600955387075011,0.9093484722583292,[0.1]
2.432512960252253,1.5892060361578646,0.4714596768962066,0.09247390042361378,1.0624605185280822,0.42460849397356415,0.9584093529295263,[0.1]
2.3253771837544996,1.5190118329548226,0.6200026714586107,0.07511299715124667,1.124716111496724,0.2922532212417836,0.8577613844538838,[0.1]
2.5666413416682774,1.5263723279802637,0.46466285643845906,0.09294988215636402,1.0214413319176836,0.4746706266083261,0.8481559118949938,[0.1]
2.2625060877818357,1.3234335508728214,0.6490476585640191,0.06523132229044436,1.11947299880351,0.26014330984401635,0.8350612555297255,[0.1]
2.5323787586327158,1.4133874135878377,0.5347908067163278,0.08682847429533636,1.1447700850842994,0.22965404382293114,0.8737323201311828,[0.1]
2.447289362260414,1.4954339936642356,0.5256113596681751,0.06833688668339302,1.0283809846004044,0.0788398625829061,0.8377451747813668,[0.5]
2.692895019214931,1.3614265869006137,0.5366127571333812,0.07021367310692811,1.0423616910384625,0.01867932343327712,0.915377262789999,[0.5]
2.5832653354346906,1.363573378535275,0.5288604581071638,0.07156653623285164,1.0861751969186408,0.3329465137998718,0.8085799597329176,[0.1]
2.487706088177745,1.3504908018571158,0.506712654690886,0.0821582727378147,1.1301307725156282,0.09884506697002936,0.8121832035926826,[0.5]
2.430704498712634,1.3388227931083947,0.5472643716960396,0.07246967179020337,1.0495949591578446,0.3012958563107389,0.9061610236365478,[0.5]
2.4980240184256663,1.4129350087316292,0.5557300454157323,0.09259107117041879,1.1097804726050802,0.4435759218259103,0.9621427153522446,[0.1]
2.6953721216661584,1.4067367118740624,0.41786961925488275,0.0791372327229738,1.046223549897298,0.07934999387200847,0.9771853688584469,[0.5]
2.6782588929534845,1.352536164209281,0.5330428785062105,0.07414449950870478,1.0146178496535512,0.35322066449573863,0.8223233080228239,[0.5]
2.3490342822009036,1.3692625114708685,0.4432652326933511,0.07473388863104262,1.0264414233088872,0.024824428475350657,0.9785902601737677,[0.5]
2.2244075585400034,1.3316800090482244,0.5988790900163861,0.08355152341636073,1.1103186386363761,0.09305104155338813,0.85083522455965,[0.5]
2.2006827839885994,1.4176110200315903,0.5277519067386471,0.07720993975335869,1.1320748712701805,0.13291101413291917,0.8998153084727737,[0.1]
2.515584034803623,1.6117119130910678,0.40223258388508737,0.06873679326668714,1.1152499446646291,0.2241874597823058,0.9042992735308812,[0.5]
2.2330050949924654,1.6161635689315281,0.5573305367971537,0.08536516829380804,1.115969245101469,0.16138653089558053,0.8068965779941706,[0.1]
2.5146856936506956,1.6119645034797316,0.575777691557503,0.0774288847918327,1.0399247548038946,0.10983852574864923,0.945812587952288,[0.1]
2.381489379627488,1.497492615482281,0.6280492044597421,0.08966451199662379,1.077220913048251,0.41104835969844594,0.9726728242494571,[0.5]
2.2780278968023895,1.3086279708566584,0.5629532228794952,0.09285827866838467,1.1117894723197725,0.2427136898699291,0.9242360381789874,[0.5]
2.3690613999843326,1.3713175454027409,0.5976405189111506,0.08238423768774591,1.1492330178301562,0.10865044690441879,0.9732662549739153,[0.1]
2.406762939319526,1.495661976112636,0.48207886988086046,0.0787811521237994,1.0734396435732547,0.1237469950845729,0.937215111434085,[0.1]
2.4275961728950612,1.4912183407832036,0.6197329288290141,0.09163495329593624,1.118791638228606,0.07439134686995523,0.8561887596531131,[0.5]
2.457526102685232,1.3072696774424484,0.6444707774551048,0.09198718983020118,1.1269765014515247,0.2531075746870113,0.9037200952551288,[0.5]
2.6100200884465634,1.6110167837735552,0.550012747180949,0.08208793835505329,1.0786361030035112,0.24014814154009204,0.8829453219897129,[0.5]
2.444355203517158,1.326210814632343,0.4633531876940503,0.07465947503823014,1.1018949393409982,0.12421888201354263,0.827107208688958,[0.1]
2.649591637071054,1.6349461014060351,0.45873663184172037,0.07371141827448277,1.0153400895409872,0.08216260985576496,0.810975984750298,[0.1]
2.5180836310295076,1.4446787115014363,0.5595582348575956,0.09051776142338598,1.0508228926564103,0.38961216681527866,0.8871800173214603,[0.5]
2.42911167203171,1.4830428835821239,0.5974576619470646,0.08586062319293958,1.0003720856378575,0.3516412080697737,0.9953380093344808,[0.5]
2.597644880968148,1.3183607123481291,0.5892046328064902,0.09006946359803493,1.1060199190365059,0.4986928483352318,0.9958356940260108,[0.5]
2.227537997882412,1.4093421297744322,0.4007964152106651,0.06582060829305293,1.135558917806346,0.030535574968945836,0.8878163318358145,[0.5]
2.3581207673770925,1.355020303172878,0.48935458745051236,0.08727484474790484,1.0792895130380067,0.027224027734084735,0.9633386000810029,[0.5]
2.612705530434788,1.4144346670890842,0.49312286711584535,0.08588486847042834,1.0197955918878214,0.2235824596389889,0.8100078138762449,[0.1]
2.209963746841955,1.3906393528530903,0.40410453769293886,0.0744078379281141,1.0460989616800156,0.15490838932105266,0.8266601391604432,[0.1]
2.3910254025317874,1.5972585711138179,0.5043537700149302,0.07749403262104965,1.1299878056732642,0.45994506061915136,0.9962393990060765,[0.5]
2.2403975356188424,1.4081363497892379,0.6472235133692195,0.08524955592349097,1.075155189459404,0.3917061229167083,0.85691688741181,[0.5]
2.570589821418783,1.459787206232041,0.6457673046825417,0.06786041768947575,1.1439678771603243,0.19905816930616482,0.9018521386282827,[0.5]
2.5876938268086525,1.5521657951698398,0.4404572469990547,0.07377470262457272,1.0129165640807394,0.23309084304741248,0.8582237009214931,[0.1]
2.474501224289115,1.6227845303325132,0.48675452214554005,0.08554580482188281,1.0500325250166345,0.24243630080527764,0.8141112851824234,[0.5]
2.3459901344936083,1.436673739178294,0.6376463779524182,0.07769660870099775,1.1483201722056682,0.1499343917560439,0.9813746144654607,[0.1]
2.5864107776429153,1.3982522479058357,0.4438291239900071,0.08337538201338653,1.0868094145957063,0.35024288563265177,0.8293700520433958,[0.5]
2.486593301268536,1.5817907543688408,0.5942626831831421,0.07488885142285787,1.1390098687738435,0.3614819931960915,0.8124756309936177,[0.1]
2.3179781345445294,1.3026120418770653,0.422957189911777,0.07669522976757086,1.0773926667819438,0.2915452299921098,0.8678908328839072,[0.5]
2.5549264266310416,1.6377717261756555,0.4897310895593809,0.08034147325447909,1.0548955063868923,0.01930916109982718,0.8980115291280628,[0.1]
2.4737777650116812,1.4060251502085892,0.5487320604040834,0.08175278598233698,1.0721568950819402,0.0050664209752535865,0.8698699160611698,[0.5]
2.4607841728027484,1.4872647444833593,0.43761897162412944,0.08803809494329752,1.080180305515925,0.18101659342442883,0.8687166579508824,[0.5]
2.549805585807168,1.4994433910233773,0.5899363505314161,0.06562280672712134,1.1283126101321437,0.3874202976696086,0.9601283243827549,[0.5]
2.402442280940722,1.5843215923521783,0.5511933709064041,0.06501783920485894,1.1040883086216047,0.107622640718662,0.9710301265066906,[0.1]
2.3968357273368883,1.3985105764307282,0.5971715679424618,0.09473061711088247,1.1106359098511707,0.3455908100847535,0.835982042532928,[0.5]
2.6265574455727263,1.3743082314700947,0.46087949694047253,0.07523961277872075,1.0208746328693312,0.22243337943653074,0.8712650467987477,[0.5]
2.611683223259231,1.4007088360586322,0.5270212898321674,0.08949471877364581,1.0915638978979172,0.09120043663645605,0.8113588122848688,[0.1]
2.340685754950403,1.5578799565552648,0.6192128942508255,0.09225298032004253,1.0552050780629865,0.12656124374890046,0.9894990641756896,[0.1]
2.500387784562129,1.6373194427808875,0.4998576943354966,0.0746938529744515,1.0808578761413348,0.08656434715662453,0.869756025560476,[0.1]
2.203895907667495,1.5752342244871236,0.4513032977917108,0.06742159780870963,1.0724935388731076,0.37474169777547717,0.8836691668525944,[0.5]
2.2377982283775757,1.4362814932481867,0.5528423309056125,0.07747497056973901,1.1235480543786822,0.4704585660939908,0.812848619359188,[0.5]
2.2893098591022785,1.3650891614753564,0.5776115119702069,0.08622374135763183,1.0230311947872586,0.1655860783176304,0.9047972970458771,[0.1]
2.5625131908383927,1.4791476635468872,0.4522823358884692,0.07449155570124555,1.0073634419306183,0.04562644809089002,0.89326709305996,[0.1]
2.47685927091125,1.3568757045386741,0.6343776523876418,0.0721952291296776,1.0946156025908615,0.036991974441489675,0.9718233078360533,[0.1]
2.60895333486087,1.4758056290869843,0.6005337101565942,0.07646909208851155,1.1092430760792147,0.3833131413440139,0.9400432559412994,[0.1]
2.2818201692758007,1.321727241236019,0.5106357081643645,0.09419981944376775,1.0683398165395428,0.21971318256057346,0.9687827814306773,[0.1]
2.423618624202301,1.4946563538375488,0.5114147685276964,0.07558835239270337,1.0082246829338957,0.45885850201240047,0.8419010424187501,[0.5]
2.245314859002237,1.411293950597867,0.567146447938448,0.09146910603564895,1.1368826426207561,0.4609029900991334,0.8600139429662642,[0.1]
2.361565884261534,1.361883225889633,0.6142122549491794,0.0941753660570622,1.1394009317354132,0.3697735114147823,0.9668983714937277,[0.1]
2.454758383857158,1.4428150629332643,0.4204621733157756,0.09228825854697277,1.0890808269549455,0.062401221415823147,0.9596759946176965,[0.1]
2.5988226612986276,1.6007008068013375,0.6166549446495231,0.0652487186900056,1.079183348718129,0.06472415184528915,0.8793922794513924,[0.5]
2.583847890767508,1.5057828032268734,0.5192818895008833,0.08156535905765191,1.043060219598474,0.37038763545272035,0.9531107755986562,[0.1]
2.3403619529879975,1.5979734048669347,0.6296636639995418,0.08922869174236123,1.1099986766369556,0.4715303292714775,0.8130380175242382,[0.1]
2.681965439656244,1.3290608081482342,0.41941494768382653,0.06818841741320962,1.1169913751561316,0.017994108009128214,0.8302716915535486,[0.5]
2.3602837415114695,1.4765268888292766,0.4695742639412843,0.08828451215094536,1.0896863480073684,0.43423273309156607,0.9859115420865076,[0.1]
2.5338147008133425,1.4755545576815021,0.5787069765497679,0.09377408780745744,1.0286066773918923,0.08180013884918072,0.9082830434108715,[0.1]
2.3547547818070074,1.5059950439308287,0.5074083329832384,0.0948348751434934,1.1096149876814008,0.15548987031195216,0.8536169772487712,[0.1]
2.5712997852468913,1.414961464488388,0.593166011757025,0.0890771609176696,1.0929411513043632,0.4482734589639788,0.8434462867700752,[0.1]
2.235065267320545,1.5230640159467805,0.4823709892012102,0.08020001819753442,1.1318383786030612,0.21534355941061895,0.8428756458436901,[0.5]
2.6559342800330645,1.4251001559286485,0.46042691433595795,0.07276194020034715,1.0781036635394872,0.3801564947183598,0.975467200724282,[0.5]
2.4858960985496363,1.3757403856048929,0.45922824095891357,0.0678871246981426,1.1107385851945901,0.42541040747670145,0.8812027374212182,[0.1]
2.4524417004688215,1.487638101765094,0.5566775802976552,0.07191578640185539,1.0689791143149145,0.379276507235189,0.8756360528664366,[0.1]
2.213962966813855,1.4101379841472517,0.6416140770100185,0.08739660513033232,1.0749275357533152,0.18800327154937294,0.8017011457638813,[0.1]
2.6754708162151766,1.3665396058807007,0.611895878015366,0.08939422889807858,1.085512009553339,0.3647297229920346,0.9845794528043078,[0.5]
2.2424643956256967,1.5044636725790015,0.5345051745417322,0.08864961086913341,1.0641427713185,0.2546284535274697,0.9972006172763774,[0.5]
2.4994520333690904,1.4191427622131008,0.5460359554337135,0.08975924037187033,1.0642309735760453,0.43076460612852746,0.8668450748531252,[0.1]
2.2399123192121877,1.4841587667433886,0.4269136771093365,0.08639975889325506,1.0401356408096771,0.2900397982250659,0.8411249676773409,[0.5]
2.6063090487836877,1.5319864160259944,0.5952826491979715,0.09066718928597105,1.0198748408551133,0.3460900275485396,0.9386214365153354,[0.5]
2.5892099042515184,1.5528241496393327,0.44729511233397834,0.0891395859203468,1.0835736560305382,0.23000442253567158,0.9505222424435485,[0.5]
2.6440882208720846,1.5976857213953413,0.5358013072157916,0.07135834842837187,1.029535006462645,0.23848179224888802,0.8380281054965432,[0.1]
2.69413307462056,1.3439963965867858,0.5122858805990256,0.07381080667904004,1.0084466618202808,0.2715464825159203,0.9569167134934614,[0.1]
2.6286511915082116,1.4847634537656733,0.6313969792262687,0.07310594895393907,1.1287070494423725,0.08987937884848812,0.815346435261052,[0.1]
2.376653703955411,1.3284997289439189,0.5445663810120974,0.08974918103640982,1.0701003283025967,0.20665005570461747,0.964216191827656,[0.5]
2.486188775108739,1.3822681094317033,0.6395945129636661,0.07723295929976133,1.0398386734930956,0.4741270915233334,0.9966250758013706,[0.5]
2.683190877781024,1.5373117314378826,0.5790864427864854,0.08664620377247055,1.136184281877151,0.4156200092206145,0.8754187285805766,[0.5]
2.405338227569592,1.3797561287331657,0.5173916885285491,0.07544071074791091,1.1074605272183158,0.016778289707544747,0.8925993333708102,[0.1]
2.5113507610104495,1.3566241923891813,0.46591466095735773,0.09068621341563413,1.1310104738584434,0.15184292017193388,0.8310327030140482,[0.1]
2.2021714972249264,1.390863548668333,0.40804364611557825,0.09330451873415321,1.0933890965079358,0.11433072596594841,0.8602657165575607,[0.5]
2.545018938014858,1.3481960482924802,0.4903491652354068,0.06898361911429922,1.1024666316443732,0.2110314365048713,0.8866778742060619,[0.1]
2.2364601242334876,1.4583114677344937,0.4860593246478747,0.06599289994224869,1.093622582174904,0.49768751227509517,0.9623689298858167,[0.5]
2.4233837757870527,1.4649712693748072,0.5442355891458995,0.0931613525160255,1.034723752057922,0.388593414422965,0.8947960263848264,[0.5]
2.2776106742745705,1.5635100156448278,0.4694608361565363,0.06827647658475182,1.0001172759420083,0.3137178567003431,0.9375332990649723,[0.5]
2.241562644534599,1.4083923821361324,0.5638939769460397,0.06722680497701258,1.034826173096314,0.2809334456553408,0.9557395513157149,[0.5]
2.5121767948716998,1.5445785224911126,0.6467797306663353,0.07677380558235579,1.02765273071495,0.09221222342176884,0.9245697108993082,[0.1]
2.621280758021583,1.461956020429408,0.6320235108559971,0.08471505839792266,1.098703958944587,0.20187938215393156,0.8865235679910889,[0.1]
2.3463248191042183,1.4478396170252492,0.44752075952609793,0.0923324961831895,1.0601106977902996,0.40446551806913533,0.9492628669459598,[0.5]
2.2564019202096652,1.492002918586706,0.4598871048118308,0.07656072264343117,1.0231175352867143,0.18756005582690838,0.8205775074691173,[0.1]
2.449244353588554,1.5688950890241344,0.5742239467071598,0.07075274764417686,1.0953520689012064,0.2368531510555119,0.8846673331865541,[0.1]
2.5377775843002577,1.5011747832214266,0.6057611548393738,0.06639919172192266,1.0114214780606838,0.49642266000563934,0.9070851594103793,[0.5]
2.643111697043555,1.4971579485964068,0.6399955578120671,0.06914068513464154,1.0837660021884796,0.3965281848725302,0.9398196095366955,[0.5]
2.3566136795068586,1.5370220758728999,0.4777113527239508,0.09160012266210052,1.136989197450669,0.27019856636356304,0.9451954541598503,[0.5]
2.229000089205942,1.4168567555073626,0.5768849328251414,0.08614590727489913,1.0795878951701126,0.4581395674202638,0.810366867302325,[0.1]
2.243435093193335,1.4421846292329175,0.5997886334771544,0.07767486826278994,1.0291263361951597,0.33355167974201133,0.9381333599419414,[0.1]
2.2802088130589118,1.3496152598261097,0.4272009138993539,0.07733108021838775,1.0233895826187436,0.08728907073433191,0.8976398502730337,[0.1]
2.334222913511499,1.3924369402588546,0.4148681933969355,0.09334103541160013,1.0744129667197608,0.2762311525035319,0.9521422129592144,[0.5]
2.4439441722889224,1.310364949632962,0.4814569288988695,0.09036468001949044,1.140344536101872,0.34484042397292314,0.975394768363447,[0.5]
2.401363889639926,1.4527729601143693,0.49006788797777123,0.0655116722599132,1.0455221251567839,0.4258238578825339,0.8087336692583412,[0.1]
2.36216604631214,1.5346799865162832,0.5484867474014717,0.06984368846855227,1.0124514320428053,0.11143557139369195,0.9200980957604281,[0.1]
2.336415814379101,1.4935429194312373,0.6371922659399989,0.0913601443091193,1.1391867541835552,0.1643265963826504,0.938943498926324,[0.5]
2.336938391387978,1.3078893196340309,0.47452770501897507,0.08989078554943125,1.10785836846798,0.00958733228564415,0.8848434442721435,[0.5]
2.6465580848879053,1.3038488295970247,0.4411537236967983,0.07253441181415925,1.0802520881911628,0.12860970897114107,0.8497099078276091,[0.5]
2.4098887995333826,1.313991591031107,0.43412337121553524,0.09355611742772502,1.0130856472679077,0.3715463984090965,0.8246013297133397,[0.5]
2.3684296238761524,1.632931022506253,0.5652964942352496,0.09313141075039288,1.143650562308015,0.21764042393702743,0.8708475902341707,[0.5]
2.6884464608321283,1.5535079903274835,0.57717623895366,0.06572570008923642,1.101243536025488,0.4453620566091252,0.8586553312431618,[0.1]
2.3719187285319334,1.482549875726063,0.5692097138192109,0.08844574898574016,1.0170177919740475,0.20997962507038434,0.9477585991389792,[0.1]
2.3789280403747526,1.6223183156578296,0.5328580252100141,0.07602047541231928,1.0727375476111283,0.3211371061126313,0.833183835780434,[0.5]
2.4851774841794083,1.5387019763181464,0.5883300355280197,0.06991668007798113,1.1281814259931684,0.3248743725583281,0.8147441690396798,[0.1]
2.5647553397432157,1.6490577513473128,0.471613784156961,0.08662385526355815,1.0563008559588916,0.2660657120904614,0.8367793192179882,[0.1]
2.666602140328889,1.364160552465955,0.6183400503213917,0.0753645789583839,1.0240582801157132,0.24082742697324716,0.8644034261884328,[0.1]
2.6892437553119986,1.5695762311164456,0.5622360248131635,0.08690040147828754,1.0449785974003132,0.28867036344568436,0.8451721903215715,[0.1]
2.6187200928555985,1.3457965780830172,0.504859341912268,0.07105071355665175,1.0561043231063525,0.12546228060045816,0.8478244681073882,[0.1]
2.4874795813878534,1.4568547828266225,0.49572452333843303,0.07564931571157271,1.0710125850515118,0.3771328737503139,0.9126322000783258,[0.5]
2.5292848693834387,1.5202847789661278,0.5734087431054701,0.07478180946385968,1.0393636189171478,0.0938449600900534,0.8728658754655442,[0.5]
2.6585112713783103,1.3453658071427181,0.5550359779150977,0.0824722604656907,1.1473744260529712,0.34520661768697497,0.9250138734381539,[0.5]
2.5925384770026296,1.4086179776825192,0.5115211191113112,0.09022680128081506,1.0368875377593971,0.31526643761041595,0.8237515645696198,[0.1]
2.444799645670111,1.3188279095976607,0.4527861197793451,0.07965406148608177,1.0755402821874438,0.2567530539846627,0.8163986462268625,[0.1]
2.571528865380755,1.510269179882478,0.49624225088628904,0.07454999241054823,1.0307764694104395,0.3397868461323082,0.8372602245342514,[0.5]
2.4733622442531633,1.3939021122157098,0.41248777649292834,0.09290525049813535,1.0543504362975495,0.3314026240527144,0.8651335409277547,[0.1]
2.21199353579213,1.5119505201527113,0.5787768330545585,0.09081740450773246,1.1209756595665812,0.44017753707897583,0.8922831831051038,[0.5]
2.434204693508783,1.6453481087201844,0.642491539988541,0.07870913249583664,1.0980433672143108,0.3035822083217791,0.8995946842322805,[0.5]
2.607843165710246,1.4262701759387977,0.5921203439060522,0.09097770809599258,1.0365794513730329,0.10913599734245033,0.9948805941290593,[0.5]
2.686705076607284,1.3621912592613046,0.5395989587219745,0.07419268018387662,1.106550956533322,0.43497402808094254,0.9220598278794954,[0.5]
2.611036656696944,1.3725048738582524,0.47387721285582335,0.06570096830920633,1.0204799025626783,0.005696786722969442,0.8117393198441267,[0.1]
2.5344850813866246,1.6298545932803559,0.48313190877495427,0.08086291735102016,1.1230256858832668,0.16908917909687407,0.9555030931400501,[0.5]
2.2112686883834263,1.437379718312108,0.5230752750637357,0.07431019972838715,1.0338536454119354,0.2620299635398498,0.9698190483371525,[0.1]
2.4599232420441663,1.4579584801048737,0.5263764126806325,0.08032586229229921,1.0753913657654768,0.3902995501745574,0.9722843715183247,[0.1]
2.68382078361772,1.6434664218673511,0.43208396875099736,0.07821392789339694,1.0770109249438309,0.2144198884475485,0.8843048711575822,[0.1]
2.6072173881437664,1.4195145932773392,0.5962492858760707,0.07425460520077728,1.0273771121978266,0.21237245894235088,0.9045135053300677,[0.5]
2.6220636288058365,1.4830928593438664,0.6387700072389931,0.08255639261006747,1.0943697024253949,0.3751840878116989,0.9004518600378408,[0.1]
2.360680687195398,1.393777627866615,0.4043572186552704,0.09492988216051605,1.138588508462819,0.35777900207939145,0.9066417755952351,[0.1]
2.3044390876563496,1.6016763426454412,0.4134030364533563,0.07053838280305827,1.0421719902359594,0.04120628267345225,0.8646421001867768,[0.5]
2.3874739977128145,1.4564665762380054,0.5377446722061572,0.06962919027315158,1.1199382779491325,0.02228846599428547,0.9882085748753247,[0.1]
2.3215949142886836,1.507093289419054,0.5979962175349238,0.09436045715991914,1.0087277672715278,0.0023754651508483436,0.8021566861580242,[0.5]
2.507790084919319,1.5685202227311286,0.6114619785207055,0.09057649054826421,1.1424034150553823,0.25587452507022124,0.988716716120014,[0.5]
2.2508752589986387,1.5549510019977433,0.4839064791804501,0.09084680524600365,1.0993168429072313,0.2724523869891593,0.9760746873730062,[0.5]
2.5794202384204357,1.5126656391888618,0.465459341102913,0.07129275476366166,1.0609614075975558,0.15761413346987582,0.8064560420297116,[0.1]
2.5560994464330244,1.4576063078646289,0.5449601845316424,0.09498417558534993,1.1115285569488673,0.4302097268193645,0.8151545404265339,[0.1]
2.5678368194576233,1.5961085668445236,0.507249435923459,0.07701086375484131,1.0309612748611328,0.2073381961598134,0.9343020973425646,[0.5]
2.42435526543452,1.3418319390136015,0.5539660576098263,0.06611790095995423,1.0730382907721734,0.48642158909817595,0.9175285499695056,[0.5]
2.237197219510147,1.342698568256377,0.549792275688425,0.07532844967152301,1.1218958221473982,0.19726225726467167,0.8613387913350787,[0.1]
2.356284890359486,1.427030696440939,0.6345610637657324,0.08953078849998192,1.0011401935912083,0.011537944835800484,0.96058871578833,[0.1]
2.2610598363134558,1.311359525691242,0.5799114679665183,0.08334174666108916,1.0592778133420533,0.4908792294773725,0.8164018492075641,[0.5]
2.2299822613870397,1.4125461749528525,0.5991282651975965,0.06856051807593211,1.1434020118996298,0.18466995614060638,0.8312239193945066,[0.5]
2.517729385034892,1.452082352411861,0.4748184745398077,0.07437810308240257,1.0444156770172957,0.21556426413431148,0.8067725441293163,[0.5]
2.673365611264531,1.3723236964686956,0.5633088001120553,0.0911244558820692,1.0580411350417631,0.4997265781903132,0.8374428528019133,[0.5]
2.4175825439856067,1.3629436778215003,0.6287338444137884,0.08415296348899223,1.0472882858505796,0.4264992553960232,0.8979370001977829,[0.1]
2.5442287055943917,1.3336785285157882,0.49885737369651934,0.07060217361797559,1.1036129803326706,0.059672611103998206,0.9892330287372861,[0.1]
2.5641757302033628,1.5413442155527788,0.5753422373580065,0.06935097129478002,1.0255290288433958,0.32599594106564245,0.9590932715557057,[0.1]
2.412957264631004,1.3116114836897392,0.649642577281285,0.0930290120579089,1.0839610261489239,0.49702606799622584,0.813532988554919,[0.5]
2.6553210377629273,1.645060355019091,0.603493671503374,0.08870360091832938,1.1379130152750847,0.3142043800640921,0.9361719349393123,[0.1]
2.6361363950339936,1.320164949896862,0.4906289290816894,0.08620352053069186,1.1139899926280858,0.4512414588202825,0.926239813230276,[0.5]
2.560928339637681,1.3672383697713386,0.4873058529203482,0.08390649809619168,1.0049657729725328,0.02059550040851787,0.9901383461982507,[0.1]
2.200011286986027,1.606495937589027,0.4113557188701059,0.08735697481088085,1.0821069884689294,0.4382096371577165,0.8723177603237605,[0.1]
2.6048920602347145,1.5732693999201655,0.5514743266214481,0.08394032568226284,1.1016440436562034,0.3190546538755329,0.8931776120247805,[0.5]
2.2028741363390845,1.642527328002107,0.5948311472232601,0.08926205842105653,1.0826641846060399,0.11463993100782087,0.9228030040399526,[0.1]
2.3930952015095355,1.3703898915278208,0.5709158347309551,0.06606789804701067,1.0868778723648749,0.38476462075473283,0.8535207951010566,[0.1]
2.3898434796176162,1.4686158261960494,0.583902553428964,0.0728389210159409,1.0018336852225285,0.14076808579443456,0.8827641018748577,[0.5]
2.4049152404545278,1.4637613291230949,0.46828536589949543,0.08698118901499753,1.087824340106456,0.4924431028601978,0.9164260356839676,[0.5]
2.220933653545989,1.4734838728767325,0.4577971740391097,0.08647058922431594,1.048707090472607,0.39445576992950604,0.9773275583716288,[0.5]
2.5725886392399677,1.3399749597076698,0.5198113885481878,0.07036906189663898,1.002594123365004,0.20078839037543225,0.8967515677001833,[0.1]
2.4676751878420693,1.4614104175436635,0.5862333262241781,0.08254541951492632,1.1131128672980066,0.3130370711486542,0.9357268343127318,[0.5]
2.331970454466431,1.428246970410461,0.6252184795577072,0.06636539655909583,1.0607445883211815,0.4471186184743478,0.828922674420876,[0.5]
2.29596014876612,1.3588265438593992,0.5404919378232051,0.09479282100161637,1.0497025752775884,0.12120307832085268,0.933359619721635,[0.1]
2.2449740155053695,1.4869556963502468,0.5535028058081499,0.09429925884278154,1.1323496092254293,0.4655698377885395,0.8430896803315459,[0.5]
2.51337641397659,1.50768588803669,0.6384605576550393,0.08455783670931137,1.1437014929052,0.09099994599659954,0.9513947495833898,[0.5]
2.332148027601247,1.3853973442093568,0.5925890824648211,0.084083820305454,1.0057145321035454,0.31994756544910286,0.8179511455463567,[0.1]
2.375208074951325,1.4239556887808353,0.4017094953988879,0.08916703004287466,1.1296931366424623,0.08621099080735052,0.902872500430709,[0.5]
2.6452405883886088,1.6060401866529097,0.6052223985732326,0.06883616542599656,1.0311166280366022,0.3084018641055425,0.9660877150463739,[0.1]
2.383095976819914,1.5082053711590153,0.6452297427395207,0.0700087085144244,1.0032282650296775,0.24592925871788585,0.8172346579630456,[0.1]
2.6822764259296497,1.3548519886847452,0.6014508125995168,0.09281175183131385,1.1303391486541172,0.39963388179740833,0.8719490768674346,[0.5]
2.4419153879360906,1.515466687355864,0.4853370913878467,0.09350938611798693,1.14053229525608,0.03629011765920317,0.809176744685981,[0.5]
2.2413845347817802,1.3220722296410838,0.5506802006094118,0.06760425349307157,1.0568525255047787,0.27965334072251286,0.954313608684469,[0.1]
2.421069615323976,1.5191244658385625,0.4245900408181314,0.06955237476877062,1.0633271228390075,0.4280884805092821,0.8242695047367042,[0.5]
2.536297244358433,1.5322635691789808,0.5227793971542998,0.08136957520052043,1.0105045374845067,0.04354825671589903,0.8654659770706842,[0.5]
2.2884261054718205,1.3844596424326105,0.5175607926485034,0.07321205531910663,1.0415265332200705,0.02849739811079668,0.8409268813621512,[0.1]
2.6316849076433213,1.3881296353894002,0.6335678426993625,0.08374148218312175,1.1251187324678256,0.2371852386136283,0.849008102176236,[0.5]
2.254397010970059,1.4359156406563802,0.40681434188798815,0.07383044406074021,1.05141229834353,0.4244151322609043,0.8154558044301928,[0.5]
2.3728222355450446,1.3793042404378488,0.4420000017619939,0.08863058420925676,1.089879981515924,0.14321302281632728,0.9690939558267138,[0.5]
2.35265091262795,1.3364423641011973,0.5308517262137464,0.07260694326815818,1.1375379517621662,0.4444504483058101,0.8467404250352373,[0.5]
2.373612300511759,1.5757917963675043,0.5580803353886054,0.08596341557317382,1.049389713698925,0.35892362669670086,0.908501031751403,[0.1]
2.258581583050468,1.3410781864073118,0.6094029952554669,0.08582133917635942,1.0185195957136952,0.30883001136958543,0.9169534283112196,[0.1]
2.4423560166146356,1.3434319837524569,0.5613265594934846,0.07157898160405392,1.1276094546324167,0.08842492028628399,0.8691831243329101,[0.1]
2.2602053765558767,1.321473084232788,0.6053279397679927,0.08817918881073313,1.114981146040923,0.3148695510529023,0.8363739296827747,[0.1]
2.301011846512831,1.6446586415930755,0.6169496305428365,0.08607443365324796,1.0979131658941221,0.41093405279865597,0.8031540827461484,[0.1]
2.520003739699214,1.3597356909399658,0.642908831446076,0.08840569503282107,1.1067929928610143,0.1942903889882213,0.8126586412998559,[0.1]
2.348670003215006,1.5309736814992185,0.43890803429595093,0.08339962358506023,1.0763533899915985,0.06124796555837816,0.8442885627536526,[0.1]
2.3204134647415264,1.564018467019582,0.55894039806203,0.07626726676329278,1.106859334461043,0.39488573837450563,0.8694770264853413,[0.1]
2.542374728448807,1.407192622544708,0.44502461151231065,0.07458522029509054,1.1204265867784093,0.1542744945158508,0.851441322864554,[0.1]
2.303406112336693,1.5537925209111019,0.5523154402169983,0.06908963455142453,1.0523580226923088,0.14812603986162387,0.8585637993924876,[0.5]
2.2605211983415208,1.5337513875921962,0.40008637696562294,0.0907329228198988,1.017657729945991,0.46863499424177574,0.9817971344973966,[0.5]
2.3110170479575207,1.6137227663981202,0.6046801381668774,0.07499005205864764,1.0136061999152686,0.29136618307318674,0.9615335139904966,[0.5]
2.5318905120200643,1.5750817647379078,0.49407241596527096,0.08365712146910828,1.0948728265853,0.024412454052228853,0.9288253898024403,[0.1]
2.2772204590906826,1.4310091590602483,0.6355527954383285,0.0674912892831445,1.0904190174825257,0.1958063383384995,0.9187237165335956,[0.5]
2.6156535560708085,1.469534856491854,0.546542706089414,0.09140658157682796,1.0907636477511722,0.3095597196499053,0.8370261207452852,[0.5]
2.2968705179027427,1.4031258530287933,0.4214851002705995,0.07757487429406487,1.0917797565442122,0.13617981667780132,0.9781436474486848,[0.5]
2.225582727075058,1.6242249535040936,0.5924534769172598,0.0867821990543847,1.0413150076541353,0.12621465619004907,0.8053961294102435,[0.5]
2.4924553115694716,1.541713667036231,0.5841116909800688,0.0821741449264005,1.0456267082764419,0.388416854690741,0.8524963745116337,[0.1]
2.66997322126249,1.4300199162446592,0.45468374413550083,0.0761609731908871,1.11968633761943,0.3053213389794687,0.8885707228091648,[0.1]
2.4601137514932514,1.6023804257040093,0.5208965893969152,0.08804451487368112,1.0967189726095214,0.4125666573847614,0.9495898830793047,[0.5]
2.3791185750276034,1.444126369836112,0.5599738843527423,0.0906036964834045,1.0860399024754888,0.40586300057170416,0.97799535428318,[0.5]
2.5438297527322398,1.6302693335599474,0.4674890100753315,0.08601966568120041,1.038110890934265,0.32874434908186617,0.993331926970843,[0.1]
2.329137344825345,1.3294840277874211,0.5453488152681026,0.07594909979324758,1.0685387234511599,0.4045718574153462,0.9728267546325411,[0.5]
2.5825426465861594,1.4936746005789678,0.5078073862499818,0.08625625824570225,1.0650423577244528,0.04330407164065269,0.8219349759341884,[0.5]
2.57502067039595,1.4399272983441402,0.610147069659259,0.06576580905085179,1.084831200189482,0.10141066679721689,0.9635271966058407,[0.1]
2.580813079960233,1.5218666153527562,0.4562319426298268,0.08720425297974359,1.114420163255364,0.4423252246539283,0.8940060176657101,[0.5]
2.644847799975694,1.6485251860374974,0.4636264452382335,0.08826083132146569,1.1245637137738618,0.299771049216086,0.8641821231714009,[0.5]
2.510896060883208,1.334043845826215,0.4557700608870867,0.0669838023574968,1.0851879401303695,0.15132114250507608,0.999549433333959,[0.5]
2.4905006723150347,1.524966012661293,0.6152172977865737,0.08565041435186406,1.125823158464536,0.07488281030055034,0.9653858487812437,[0.1]
2.265147963931759,1.351215356691979,0.5191782699302331,0.07932076893722047,1.0195157453493688,0.1583753766469632,0.9481563515031666,[0.1]
2.694834734350339,1.3693325637039973,0.4220531869174883,0.08992649441245175,1.0221938768714245,0.33410282200835206,0.976910052900362,[0.1]
2.5355589621939925,1.3710429211310473,0.6263217121076433,0.08445428944907414,1.0168732317702789,0.31208200033117084,0.8432681679629949,[0.1]
2.352066256675069,1.55307829202125,0.4070911547697354,0.06692276724889965,1.014177808904509,0.2614499631815068,0.9027966284167998,[0.1]
2.5775197774935448,1.337750775022248,0.5394867649914623,0.07250086119629705,1.1173892613395227,0.2340220983402497,0.9364746246537079,[0.5]
2.5592526495404284,1.572870783578202,0.4207635683153346,0.07848833423566268,1.003517370803378,0.4009729891778543,0.8675982083489796,[0.5]
2.4123675880323185,1.3999645321760337,0.5611560649773986,0.09287868048468956,1.0824764812925984,0.4550197683101553,0.8523854592539047,[0.5]
2.2184295119332362,1.6204456511474379,0.5244754819330405,0.07327603865588837,1.012240875687979,0.35399762709529786,0.8504199377970559,[0.5]
2.49434871295859,1.6395316810124612,0.6294007175877145,0.09042621859438982,1.1452331793066481,0.0967412049861087,0.9447492488421748,[0.1]
2.4719189314521404,1.4494969236426283,0.5736576851298942,0.07167647556017578,1.1315894408465907,0.3223937546698626,0.8746440539554718,[0.5]
2.558333885897122,1.5490686124043669,0.4459866057866375,0.09318927938103548,1.0124336517709103,0.42399728878895326,0.8123046742506731,[0.1]
2.6717499692197006,1.3644640738048854,0.4536494525090663,0.0742837638263249,1.023983593277917,0.28820154844687057,0.8469904381118958,[0.1]
2.684142445144474,1.4324002902274964,0.46649933906211,0.06888783192873157,1.0097054392388116,0.05158183091078077,0.905251627034108,[0.1]
2.3061757309753994,1.4357323395446246,0.6061840309031833,0.07948503437514541,1.000595496786546,0.03766649285260382,0.8002721122943699,[0.1]
2.4426606944913143,1.621828546477755,0.5355435153845132,0.07064530655072676,1.0179582677411272,0.08295810115399348,0.9394831193463805,[0.1]
2.2898528645923557,1.6238138791399628,0.5412404372209048,0.08011517439408121,1.0428242390962101,0.4766077794971386,0.8348886138184283,[0.5]
2.5657869531962527,1.4657090556828274,0.6361454570437873,0.07238391424337527,1.0107535062184045,0.349443625645058,0.823269701179379,[0.1]
2.4414654008062224,1.507294575238972,0.5600362976547075,0.09310691011003853,1.1133270863523546,0.16493415672933728,0.9111427726676443,[0.5]
2.2405002841862824,1.5990774169470268,0.5994815701373841,0.08105796298770618,1.0516673015077491,0.25446224213396745,0.8344397380983408,[0.1]
2.3208146299479453,1.3813614305859219,0.6231563260921955,0.06797545237613807,1.1262192621986704,0.17614252301953953,0.8386690712795308,[0.5]
2.316983995615395,1.3013475904833318,0.5963422066565259,0.07483711989023359,1.0303132019258523,0.13687674057122728,0.866336875116448,[0.1]
2.4931519828319844,1.3766424512686715,0.47261792609894376,0.08823996588217906,1.134813844617851,0.1419857530202585,0.8898929289500646,[0.1]
2.405597626212471,1.5649891050250413,0.5433536913973592,0.08194472437161046,1.004288682865761,0.38438552214304716,0.9078849752654439,[0.5]
2.3468586914724625,1.365245300233157,0.6154433135571693,0.09298016515169229,1.1014640514176202,0.3543323819671078,0.9701345951475799,[0.5]
2.6854695561407675,1.4607090639196014,0.43698967140393263,0.06891939743670208,1.1043421093065435,0.4896212538792753,0.967120109226444,[0.1]
2.327278135137309,1.3493476144633387,0.5728299243210091,0.07612355904561216,1.105754080658469,0.007637122604636138,0.8186406621428474,[0.1]
2.4272768952639128,1.5399020545811284,0.6477808807625085,0.09178311717061838,1.0680932959331164,0.4477583202043501,0.91711916511643,[0.1]
2.5190673806831194,1.4854789276686664,0.6483336586280434,0.088837150712052,1.088110674383905,0.19057554095809887,0.9797402240855139,[0.5]
2.5768019828910083,1.4671430216874544,0.631573846667436,0.09149574174756944,1.119230920765344,0.06445816737986425,0.8734069440084566,[0.1]
2.477870001851961,1.4427736308710917,0.4035901492979101,0.07808771900290923,1.0219822321902683,0.3093860621868371,0.8739631840186821,[0.5]
2.2998273491161627,1.4501103949868959,0.4589549748430271,0.08240257982000934,1.0671306662702182,0.44960981162146374,0.9550308629607757,[0.1]
2.522120725779623,1.5310734994921387,0.584812511793239,0.09138802038002121,1.1387532036367736,0.38220409087102014,0.8672308151144985,[0.5]
2.226837573974301,1.5777657519398876,0.5821811099096889,0.07727684868167828,1.0150042413899596,0.09848372081488424,0.8107423159331717,[0.5]
2.335429612030517,1.3606384753878757,0.4594844571572212,0.07297566682105527,1.0351664655906818,0.4455295708386856,0.9678795128374623,[0.1]
2.5741559278216073,1.4774842617773762,0.4110472844387371,0.0714873928988421,1.059075386489577,0.2651908615140834,0.8160510267805158,[0.5]
2.2530861810191896,1.5178676299392737,0.4811715340384727,0.0889596321870237,1.1328044324637259,0.11673733024323342,0.9268704380092121,[0.1]
2.6055107445061756,1.543660435320418,0.43007194926846554,0.08016708404427465,1.0873269041987133,0.046821593393456276,0.8170703199466668,[0.1]
2.4892089902041183,1.6159175398214942,0.593954534674269,0.08249923903009995,1.06038344177166,0.3109291001813785,0.9287211097468282,[0.1]
2.250039275974771,1.614329748206709,0.4867471655239642,0.07494956658690989,1.0932554573758324,0.42864372631946795,0.8617627462602222,[0.1]
2.252562826954222,1.3715805568093005,0.5443036253205865,0.06650984112725034,1.0119433940389904,0.08556665806013287,0.9280199568640867,[0.1]
2.3943243530257536,1.6454618774509198,0.5636171081039921,0.0674884618975756,1.0887392780251763,0.08056527910919006,0.8032978755411481,[0.1]
2.216718389536268,1.6040159711760151,0.5267972775676686,0.0865890236929027,1.02615182418193,0.19887558137154576,0.8901498559774615,[0.5]
2.581958064518764,1.472841663526499,0.4089780946761624,0.0716496171929793,1.1038361252306501,0.1133960511156293,0.9326347410063778,[0.1]
2.3022407728124885,1.4819395351724811,0.4348893234006687,0.07696855766805605,1.0871170566540562,0.46700260991777126,0.9544873028996479,[0.5]
2.406312560683295,1.3044256583238936,0.500676346500558,0.0936188152525679,1.147524655895769,0.10214523279608904,0.8936796500583776,[0.5]
2.3884025700588656,1.4453422007245234,0.5783250062858281,0.0813976979922743,1.0017758845595526,0.16010165439748023,0.9906192673614544,[0.1]
2.279763563733056,1.335734652083971,0.607424120335894,0.0708953419450613,1.1303500154764892,0.04890650885438204,0.9258625534470615,[0.5]
2.6761127064962245,1.6101015924766435,0.4521042512249932,0.0762878980459697,1.048992879033587,0.22937208171653375,0.979874227590997,[0.5]
2.6936511934675456,1.4405404583312273,0.5489878947811324,0.09205102871470178,1.1267622558992205,0.4570441188232227,0.9606815005464385,[0.1]
2.42815821294113,1.4333397377804977,0.5323220970995781,0.08496394417018713,1.1263407558395013,0.4200060148507496,0.9328628258534668,[0.5]
2.410297361630809,1.4543686927353323,0.43925221531394015,0.07622319695374061,1.057287831154928,0.13996184554118887,0.9272318162363883,[0.1]
2.4789715587382792,1.54882556952057,0.44454821052647164,0.0813105683782955,1.1101957526934667,0.3183045958420565,0.932595992790707,[0.1]
2.5589418891701357,1.6151240078467344,0.5687258780904731,0.09179129307273176,1.140723268453047,0.31713205011512574,0.9919942178511925,[0.5]
2.63988462870175,1.5515167751510168,0.6088607084270823,0.07895822023700842,1.0777623702261516,0.4154143895863701,0.9033643603731343,[0.1]
2.666368132203903,1.3134296331714679,0.47320609877841635,0.0823147704069089,1.1397256660657902,0.3592313603597874,0.9266544107934283,[0.1]
2.6755828665550205,1.4864766771280964,0.5647992893929379,0.08330641269726997,1.073768743795184,0.1799701058570807,0.9421746054910658,[0.5]
2.634723519747077,1.5246188909817533,0.4406300024877281,0.07056726688227853,1.0882524338548833,0.39859657210692223,0.8281768434287644,[0.1]
2.4348454940407587,1.4340269096990599,0.6213624421725863,0.08875488925373527,1.045336867438299,0.2749394224204659,0.8741528679709729,[0.5]
2.370536115472093,1.3873648283151396,0.42480357358022014,0.08528893297446541,1.0825598988301264,0.24623598285212317,0.8105860278496052,[0.5]
2.3420484007997913,1.5851851677685214,0.6044052954563172,0.08155175137532253,1.070906191760746,0.2951821847608818,0.8795552629016583,[0.5]
2.228025098416708,1.3076498458909651,0.567325329664129,0.08779428775538638,1.0013149535967363,0.32347493987424875,0.80144221891424,[0.1]
2.475778355334777,1.4849410048741782,0.496563418608151,0.07710918047257566,1.1062290467415186,0.48943927825250955,0.900334822503591,[0.5]
2.4654621133787735,1.5987074479889813,0.643921326776752,0.0918365332431492,1.0582641008503333,0.28997308012708584,0.8111507874966167,[0.1]
2.4189340614387382,1.3396893745724838,0.6308963500684113,0.08347185603092244,1.0089433530441918,0.010051208490071165,0.8206599858891462,[0.5]
2.2062994354368106,1.585572693811944,0.47366995942573803,0.09209724770791433,1.1454191804924345,0.36860979639389985,0.9133604357411295,[0.5]
2.4478978674878666,1.3910899359998763,0.516844163059823,0.0894782817054835,1.0109590340091912,0.2645409251014549,0.8231146100801339,[0.5]
2.4773195176948275,1.308957815882522,0.5824394905122954,0.09105916934212267,1.0756283782368647,0.3652017366968789,0.995689937182106,[0.1]
2.5966293406462806,1.4238522915118745,0.43820249346919743,0.08109418001685499,1.0441855880471775,0.12062088050430239,0.8400226975222828,[0.5]
2.2749753754114086,1.49633740037461,0.5872762142494301,0.08163651439624431,1.0434719091360634,0.05285520118062861,0.9423505692416234,[0.1]
2.3838811083345384,1.4229377366177538,0.4492572637185108,0.0795580598169072,1.0913682905181632,0.38064705408208616,0.9337756407589382,[0.5]
2.295081980763503,1.56427321230149,0.4145182571335756,0.08038071009433381,1.1167440007293383,0.0266010384399045,0.9498549665758794,[0.1]
2.3579340283286596,1.5617156580819378,0.606993914352747,0.06931045150731809,1.0585576000159227,0.45432630841022276,0.8192674318792103,[0.5]
2.3909432087930518,1.3473513843450438,0.6211898047169399,0.0913009272794748,1.0587276040847593,0.3606511882300809,0.9984475847377532,[0.5]
2.3713944212791014,1.4169303039164818,0.6485354495796392,0.07407891259011405,1.1052741687737184,0.14707567227817755,0.8992544901671858,[0.5]
2.586753262974711,1.3805513579017354,0.4909818494486903,0.09221511380794825,1.0482749695391846,0.4490147506635455,0.9603367183207923,[0.1]
2.2864682824968585,1.4244626300679193,0.42631044820970254,0.08186999779419393,1.0206420505399458,0.37430409874851517,0.8982685444405185,[0.1]
2.4557891548907667,1.492326852095396,0.6303155422928932,0.08852732475160234,1.1165511963740378,0.32096731796625844,0.8955604770189766,[0.1]
2.5513722965784793,1.4589107354124344,0.4237786592534766,0.07475530174034611,1.0227708984564614,0.09194024423699183,0.9748753475883117,[0.5]
2.347687220480184,1.5169549537866889,0.5082727321083238,0.06633034617328747,1.0435214159051072,0.09637411956502157,0.8706622859590237,[0.1]
2.535340629028396,1.5570698699806274,0.6489130284313532,0.08902744871999192,1.1258737053897663,0.06565483361631791,0.8382918004265085,[0.5]
2.3248581367468546,1.641410507917619,0.4157452803240886,0.08227620547913617,1.1005624445222848,0.2860536111116577,0.8321211362562962,[0.5]
2.3889639321551557,1.6124435353223916,0.42904781025985317,0.07131115218995951,1.1252834148940911,0.013685335101223365,0.9961501757167683,[0.1]
2.538887276359043,1.3258621914870548,0.6259695714855601,0.09487035556327117,1.0643843892177938,0.13236947660507764,0.816896853277819,[0.1]
2.3507285010420835,1.6080161557285557,0.5004254712233692,0.09187428623818888,1.049081199400762,0.2048049577914872,0.9156258639192274,[0.1]
2.2382806786284055,1.5938836622756618,0.5885561574965787,0.0926978063490435,1.006023893236175,0.41482301148994655,0.8623176414597099,[0.1]
2.5417107051735996,1.6077264319543312,0.5844021694810068,0.06626218523895469,1.1426427101897934,0.06156700032910087,0.9599259505273969,[0.1]
2.248030547847858,1.3343790694075781,0.6445039113176959,0.08846798389903042,1.0102640917154593,0.2696999504566971,0.8767124874731911,[0.1]
2.538118585605897,1.33787459336562,0.51450027595784,0.09401508497583372,1.079708117030558,0.17477985860497264,0.9023562706128074,[0.1]
2.5426617677643417,1.4474299319379442,0.5137210383847869,0.09023866287934486,1.1279676821325608,0.01532822254594736,0.9096806413489682,[0.5]
2.4795411467007487,1.4061613816068248,0.6036838410348244,0.09026322410724268,1.0334519458944247,0.4624403836661858,0.8209324586673501,[0.1]
2.214458948132646,1.6046436109811395,0.41754697768451776,0.0779985183258058,1.0695693508462492,0.4913924125047238,0.9148550039097918,[0.1]
2.5227905102531802,1.6441100377157827,0.5179857993370912,0.06782461507146298,1.0846551606660615,0.41645678134035746,0.8893702278997309,[0.5]
2.3688054942503234,1.4038919388999627,0.42776119435794235,0.0718640609636072,1.0588138883687577,0.16341721253161662,0.878228245894852,[0.5]
2.322917800960864,1.5956772686004315,0.42359337757865523,0.08808952898117438,1.1358045687526617,0.4523463810337908,0.8456156078708074,[0.1]
2.3411560138932455,1.5598313524606178,0.5693253966830306,0.06706031909972154,1.0557626720225672,0.45273038355031636,0.8388811388388201,[0.5]
2.2990467851475245,1.402365557918023,0.5200362564166778,0.08118140221100999,1.1228430838646684,0.4627428572474007,0.9627563856414791,[0.1]
2.4585577553647706,1.448088967611909,0.4225866227812692,0.08267797546027328,1.0818785119231813,0.14614794200192366,0.9708763319111844,[0.5]
2.213382381474104,1.4462615175765792,0.516570253124162,0.06589200178053566,1.0939058337387293,0.2307588297418637,0.8360012530541334,[0.1]
2.5094739255882574,1.4417718054093305,0.5702724713893503,0.0807973784334785,1.0637465609310126,0.00608475856173858,0.8180643710325431,[0.1]
2.3841844355358934,1.587090484648828,0.5143612705739935,0.06658978522855194,1.0580997872202227,0.3377360503026166,0.8676619523607522,[0.5]
2.3337545234372126,1.5225908625047717,0.4306167492130874,0.09118211404352297,1.005924799572338,0.16353610132738924,0.9506529152096098,[0.1]
2.4001516755055974,1.3770506622682757,0.6319949599591288,0.09189046047046644,1.0055427497563207,0.3952111284687828,0.9439498005915288,[0.1]
2.4988038111961357,1.3460140219376697,0.43867491806947684,0.07443237694174043,1.1486059647254612,0.14290321861447305,0.8519234710637382,[0.5]
2.419859393424953,1.5022437422812427,0.6373623399256434,0.08542323969877211,1.073615265986747,0.4319372681024977,0.8629572898549546,[0.1]
2.426507672906369,1.396718233445422,0.40199543700056833,0.0829250091893306,1.0304706731124058,0.48062652276175444,0.9645825128918203,[0.5]
2.2476000554252247,1.3975492688458857,0.429291906347398,0.06618880464639436,1.0863832750593805,0.46374219108050296,0.9955019191731662,[0.5]
2.6813013086934,1.5316526338288323,0.4849360724420205,0.08195224971909024,1.1429819822139111,0.10681219083089481,0.9641578614122435,[0.1]
2.5072929239244313,1.5568852686686707,0.6353078490818221,0.07976359691263983,1.1127602033067647,0.20509437790596166,0.9524495501952939,[0.5]
2.6290518546046773,1.3127794166139932,0.4518790586328546,0.0870658881978532,1.0156098296272307,0.483401507097678,0.8858877499684397,[0.1]
2.5187385721585285,1.373109185685763,0.4899718268051511,0.08482547031131772,1.1364798939712188,0.4038093233804387,0.9434815351262983,[0.1]
2.481481422738322,1.6387284252653938,0.4056218569066839,0.08750724721385379,1.0463627088314316,0.14571480719070784,0.9998767476798427,[0.5]
2.2087236653327893,1.6190813903503092,0.4186002952760681,0.08686998677637431,1.12395643569105,0.27128379060972657,0.9466088052754429,[0.5]
2.425270097448512,1.4189133647409296,0.4707716714621406,0.0717818480737193,1.0234148029023837,0.2845324732477256,0.9869841325167208,[0.1]
2.2302635435738076,1.3922659448157428,0.513073411009777,0.0941218310143,1.103766181506193,0.29390778384642674,0.9241199039259211,[0.1]
2.6875964664548144,1.6179959214758493,0.4358141045974281,0.07904858362199792,1.0481459354637612,0.13013885697142263,0.922353162222,[0.5]
2.204854938938365,1.3057321426383632,0.4455011387185955,0.07435297128401945,1.1466270352929724,0.44612030418971615,0.8533279774431772,[0.1]
2.446549242953745,1.3820610574512795,0.6122855629841072,0.08456394982484873,1.0807571177187758,0.2326004515151775,0.8625762126781962,[0.1]
2.5730924858081607,1.3467524843713183,0.5100644309096937,0.0944459247626729,1.1461516284522453,0.21621095664626128,0.9875913423504031,[0.1]
2.4899207254845295,1.5787497034814346,0.4978772943627835,0.08730529715786293,1.0172338314793308,0.18320747765502202,0.9589633014335467,[0.1]
2.2341102741996712,1.635415951397948,0.5766997114298198,0.0805395456752342,1.031872777082039,0.04744709924817404,0.8464701362222622,[0.5]
2.5431012174616114,1.3581438041669671,0.602134404674983,0.09145321418679844,1.0506941489750674,0.43384967809821245,0.9314046493818481,[0.1]
2.500502821776025,1.5341834099030254,0.6463638167118098,0.06862307622718092,1.1345971419194378,0.17726662051730152,0.9863445075341813,[0.1]
2.555766845131048,1.6052783031184221,0.46475616365161193,0.06616967365373583,1.0525505306412481,0.10398460229190705,0.8346928506612324,[0.1]
2.6680289771360144,1.425570444026135,0.49368916650032735,0.08282424546479279,1.1456658864270057,0.12264758920530433,0.9312238529264669,[0.5]
2.3239620018740896,1.4444355577532784,0.40317958303814383,0.07508820722673781,1.0192368274637815,0.3599238189669799,0.9306151416383674,[0.1]
2.642468668163496,1.4401731446868733,0.4825850074861279,0.07996786386167412,1.1198414417641709,0.2789145089908918,0.8296530731474319,[0.5]
2.3265799154564983,1.3839064323459667,0.5089893135656944,0.09343586960183115,1.1164733109272234,0.16839233870384177,0.9102621018872127,[0.1]
2.6720018793513383,1.6309040310974665,0.4891711579468427,0.07486839669957378,1.0576051380593012,0.43937651864574895,0.8039648878236724,[0.5]
2.3587392740234607,1.4186004366602183,0.4644748897118287,0.09489711040079529,1.055139476200799,0.20904382054799203,0.9663843686537241,[0.1]
2.4457139467448634,1.3680497811373957,0.40734938007569726,0.08978884926257295,1.058355872629718,0.15742493680818276,0.9567817529200775,[0.1]
2.5540645741019694,1.581356738153746,0.5343691160634085,0.07411205020325431,1.0315574614288048,0.4761159196758104,0.997701139718841,[0.1]
2.4075679956548113,1.4941549414183242,0.4251401601851129,0.07806255719818071,1.0656556262514447,0.04520826098715877,0.9142681504398306,[0.5]
2.3946457311269627,1.5329522915808902,0.5294774217709652,0.07660605803177661,1.0216195339714054,0.11503858815754432,0.9532207889976753,[0.1]
2.6357434017121,1.5255964625205762,0.6136000232302272,0.0878488161442223,1.1222546045746362,0.15578233688184076,0.8890281317828335,[0.5]
2.627493770580187,1.6312315707366738,0.41184155694964975,0.0764201991816421,1.1138338503080596,0.13439835290066263,0.8791412561376193,[0.5]
2.3782838729427254,1.509038672813883,0.41085091895725434,0.0687091864807077,1.0439891645762225,0.23501658385344013,0.9852911116716135,[0.5]
2.4781514468714274,1.399409009466399,0.43571088892885923,0.0668169703060243,1.142663797168178,0.20428921147846293,0.9236869242408268,[0.1]
2.5503508734702653,1.5258951993987895,0.6454372926006104,0.06508771816751549,1.0369543449936338,0.1928237040343512,0.807927336718835,[0.5]
2.2079692414700465,1.4983114689716461,0.4397142821201161,0.0738609905014845,1.0173521415899651,0.19807865136661199,0.8275052178094013,[0.1]
2.3244041447144657,1.454775427856906,0.4922063299881714,0.08044958771916744,1.104470764344605,0.3387938848769566,0.9975564169011586,[0.5]
2.647711611451863,1.5454003125387306,0.5644868757325996,0.08167504497245578,1.1171133862861289,0.14795289792999225,0.8328014868182771,[0.1]
2.333451252607269,1.554643531979158,0.5180086058947881,0.07764224377766564,1.138609013177903,0.01342900697230475,0.9146565351862426,[0.5]
2.2682310784112523,1.3786636261927718,0.5158946272911422,0.09237441803829885,1.0394706539861727,0.07622959354974414,0.9338377393721278,[0.5]
2.275838302390188,1.326718410431769,0.5467512401114968,0.07687687044103625,1.0366185076120698,0.10595702453864214,0.8580137460092652,[0.1]
2.363783750280915,1.561998306873293,0.42616411306350493,0.07404722101038017,1.0039263138653591,0.49817227493377036,0.8251826438906869,[0.1]
2.3135415806112403,1.447085904627577,0.5687898342003582,0.08402069483207812,1.0538568362136214,0.3332472429948131,0.9822565248610238,[0.1]
2.6727561575428562,1.3816440815192612,0.5142198621312851,0.09336223981097327,1.1492899030044563,0.33546650528583816,0.9041589681667876,[0.1]
2.3757232999751117,1.3247013634083697,0.5491352037075572,0.07229119112281371,1.0612682530154507,0.22250916817307576,0.9861779692279178,[0.5]
2.4968940633129186,1.6184621074598637,0.5590082831703033,0.08516686579183559,1.1098442610940897,0.42721550066422403,0.8081804245268639,[0.5]
2.5014756625350674,1.3107929014180104,0.6108627825800597,0.07608406089658465,1.0994520748840353,0.2528156607159123,0.8620457168984206,[0.1]
2.337982484901463,1.6475737313404852,0.5062790084612218,0.06629299596663035,1.1307774471787049,0.22628899565249447,0.8818697079519788,[0.1]
2.5902570997032153,1.3561094919145658,0.5802147824772319,0.09273649203178107,1.0236941259833363,0.4617162770919574,0.9734978620606229,[0.5]
2.4119614987363427,1.335361757842735,0.5955133280492926,0.06503474073999421,1.0214736629760868,0.06542287735302081,0.9444064889809421,[0.1]
2.6236840442569096,1.5228479043122962,0.4345929743829897,0.09253528781082293,1.0044378065846882,0.3366196506155082,0.8840642751297461,[0.1]
2.291420983636792,1.4017416398522817,0.5160489042266146,0.09202174111858072,1.0900625614395407,0.13852559427255715,0.9095455658234727,[0.5]
2.5573456557828314,1.4623720503254993,0.43734829371828565,0.08850066433950847,1.0101040829575534,0.4877657060208771,0.9843273028581598,[0.5]
2.4997114992942793,1.5649364258232705,0.4650867628662897,0.0850533797513824,1.0188951137516236,0.12741557719844468,0.8556397907323844,[0.1]
2.393960920522135,1.6289222218933816,0.6299397524011465,0.08096109866876293,1.002034447169908,0.23386849084539368,0.9134477263815401,[0.5]
2.519721364161973,1.4135240052713782,0.6019764345757367,0.07118595430037704,1.0594079055310082,0.0719301234805273,0.8448585338516832,[0.1]
2.5521724509120234,1.5381706733214844,0.4779367216015028,0.06932020264959447,1.0333167280984201,0.09960895553963169,0.8333803224868437,[0.5]
2.3702635586016614,1.624737908904161,0.5238476997675471,0.08653536359913078,1.0968006369637138,0.2573848125875748,0.8969846487454917,[0.5]
2.231092449407907,1.5524481540693962,0.5298327488883785,0.07816354545170301,1.047749847231763,0.17099049707197264,0.8412118093611006,[0.1]
2.6604358691294325,1.6146807270537857,0.4211993360100487,0.07143449315548142,1.0728794810187712,0.34964350736645367,0.9112457910692622,[0.1]
2.64042265771151,1.4486122134225812,0.4470588516448225,0.08667881871917414,1.146532564138491,0.07273006148188593,0.9582762952232753,[0.5]
2.281416568822116,1.486556534707291,0.5459821657087158,0.07215305100099323,1.122908839196274,0.32682336423138597,0.9430563678385029,[0.5]
2.397013389332038,1.31956751366831,0.5196613246687162,0.0744762589037078,1.0468839035195097,0.3290280404647566,0.8338083246929403,[0.5]
2.396432932701218,1.640085283926207,0.623443675671391,0.075829830103295,1.0203672499237488,0.1338504324777777,0.957209980955935,[0.5]
2.5051144292368557,1.5684096864565933,0.44982394782904433,0.09463918589074058,1.0651840581785654,0.2107907830583984,0.8838131243931366,[0.5]
2.2537641600594296,1.5234533931739191,0.5382139377817091,0.08615049966053485,1.0034094515457477,0.267270347387824,0.8786639654746807,[0.5]
2.6254101112233497,1.4689265884003169,0.6301133646229834,0.07292457216149947,1.1119447474765551,0.43729668647991754,0.8943466047803941,[0.5]
2.556988912859497,1.354443402265933,0.5223514222815974,0.06727259138486479,1.101097488768085,0.0563500559362685,0.8077953571757449,[0.1]
2.5945643050316898,1.3571925418834345,0.47971662464986886,0.08996959797329714,1.062197032640161,0.21019314810809325,0.9648977728460303,[0.5]
2.6232796960920717,1.4055432174047413,0.4665941792786588,0.06996540046882573,1.0162469957795628,0.05457783622634154,0.826442285697721,[0.1]
2.344587220670251,1.407702467793357,0.6004374399932836,0.07067080613587881,1.0997680811848383,0.3681671239194678,0.9890016939048201,[0.5]
2.590505612582876,1.5110433320652332,0.4844006484293132,0.0829612767643234,1.1353212778143749,0.033521759764353044,0.9487328514846578,[0.5]
2.526087430152334,1.502890693494198,0.5896852901724863,0.08642378182641101,1.0277991774771864,0.43797274959909166,0.8861905053373771,[0.5]
2.632081464510386,1.460531453480526,0.533613145904624,0.08708802957404707,1.117679934635629,0.1865988964698611,0.8548658264552611,[0.5]
2.5623842219036725,1.543139805475969,0.6334118424671318,0.07527572559041819,1.032662548332518,0.11394905376555267,0.925644924788036,[0.1]
2.5470745750722585,1.3230097258140319,0.5746457748595895,0.08002089207126635,1.040546075586232,0.03710530122527379,0.8089655459072805,[0.5]
2.6161533246912114,1.5253235965487628,0.4583556727477016,0.070859195481286,1.0378031567307302,0.4675431990955256,0.9696656495949495,[0.5]
2.53744241200748,1.3181108962282406,0.44250629506536965,0.09356927828978698,1.0259587237221959,0.36319138058814626,0.8614151254685327,[0.1]
2.4335069562043965,1.3158072279582913,0.43283962086909233,0.07779598508331499,1.0706875132411078,0.11583855011239858,0.9429876540795646,[0.5]
2.6261302694508326,1.6071338362752094,0.6402507754881234,0.09255809288986695,1.0937852881602417,0.0724974368128032,0.8862626437944376,[0.1]
2.4977390951695515,1.3536667194392618,0.4298539803038535,0.07084341477669288,1.030703209935024,0.3930550591075422,0.8511473416517883,[0.5]
2.4140337522047934,1.380390670764138,0.6099090323471565,0.0704061280599492,1.028336800540795,0.3282128669746469,0.9335545974981679,[0.1]
2.5412344824396653,1.4561906633179433,0.5028038217256551,0.06845366752703717,1.0118131749862318,0.00323236586314366,0.8194501248490811,[0.5]
2.6200425584854425,1.543496455812647,0.6284718461360427,0.08210603539745752,1.1249121294911824,0.43537469229782033,0.9758280566935207,[0.5]
2.22245945106637,1.3790287668686294,0.46765030059951407,0.07194726856112582,1.149574862826817,0.34806314021914103,0.8114005234840211,[0.1]
2.2624799621184395,1.3166077898228383,0.4704554104642558,0.09120473415244894,1.1211505969535698,0.07110930153315916,0.8437858760005991,[0.5]
2.622700154612712,1.3578590573332319,0.5658985673508481,0.06734229514749508,1.012621326817895,0.2580164999677717,0.8139599352171493,[0.1]
2.2752550630394675,1.3863302744604606,0.4255736215231639,0.07137993234871433,1.1157767962300134,0.3421267971931299,0.8610800969321559,[0.1]
2.508203222667799,1.3153535528901024,0.5927547030243789,0.07521401107246198,1.140602059736239,0.33187558840436004,0.91670248762164,[0.1]
2.2806110623459444,1.3449924096393948,0.43986491218479173,0.07706851527957743,1.047496480802103,0.40321104273521585,0.8050006179969543,[0.5]
2.2728264875096764,1.3080837837121557,0.5576799432563353,0.06969053514699299,1.0534762506756195,0.18170568374583357,0.9213358724504062,[0.1]
2.2151098983747617,1.584872923814269,0.48575851100601186,0.08430908194189624,1.0812479643015165,0.0978709909274022,0.9304073963204471,[0.5]
2.3614786166436517,1.3271174447083367,0.4577167775852503,0.08399194833227092,1.0522014729638567,0.2411503082532202,0.939777727382068,[0.1]
2.6307709823550134,1.545702326329723,0.6437472051138251,0.07258953240553087,1.1108502791160355,0.29583083340550964,0.9091094130950587,[0.1]
2.6389383713858563,1.4204467553637443,0.46907404239561606,0.08507337857630787,1.1417763575268107,0.08443637371128386,0.8895425934624934,[0.5]
2.4626791621830812,1.4380461613331894,0.4354796859476598,0.0658504348316702,1.0527380473509498,0.07041137399255518,0.8096311993153397,[0.1]
2.6105170935190296,1.4978188042589595,0.4313274945522996,0.07367461807856879,1.0254351647255222,0.4136569218623678,0.9248501613345833,[0.5]
2.6171695832232262,1.4163299273413235,0.4568788634298001,0.06922820475435075,1.1140417888314913,0.4389187855515071,0.8589029339395337,[0.1]
2.263862038613316,1.6254715888438154,0.49126167477267013,0.0671397899390734,1.0199855720273574,0.4103626538826846,0.9433644505053154,[0.1]
